59126|мол|ⰿⱁⰾ|modlitva||||0|0|||||0||||fem_a|||
66511|егда|ⰵⰳⰴⰰ|jegъda||||0|0|||||0|||||||
64035|хотѧще|ⱈⱁⱅⱔⱋⰵ|xotęћe|||xъtěti|0|0|||xotętje||0||||will|||
59493|виноградъ|ⰲⰻⱀⱁⰳⱃⰰⰴⱏ|vinogordъ||||0|0|||||0||||masc_o|||
66861|садити|ⱄⰰⰴⰻⱅⰻ|saditi||||0|0|||||0||||40|||
58769|Тъі|Ⱅⱏⰹ|ty||||0|0|||||0||||ty|||
58773|еси|ⰵⱄⰻ|jesi||||0|0|||||0||||byti|||
64943|х҃е|ⱈ҃ⰵ|xristose||||2|0|||||0|Χριστὸς|||masc_o|||
59493|виноградъ|ⰲⰻⱀⱁⰳⱃⰰⰴⱏ|vinogordъ||||0|0|||||0||||masc_o|||
59924|истинънъіи|ⰻⱄⱅⰻⱀⱏⱀⱏⰹⰻ|jьstinьnъjь||||0|1|||||0||||adj_hard|||
58771|і|ⰹ|i||||0|0|||||0|||||||
58993|оц҃ь|ⱁⱌ҃ⱐ|otьkь|otьkъ|||0|0|||||0||||masc_o_PV3|||
58814|твои|ⱅⰲⱁⰻ|tvojь||||0|0|||||0||||pron_soft|||
67038|дѣлатель|ⰴⱑⰾⰰⱅⰵⰾⱐ|dělateĺь||||0|0||doer, carryer-out, commiter; labourer, workman; farmer|dělateljь||0||||masc_tel|||
58773|есть|ⰵⱄⱅⱐ|jestъ||||0|0|||||0||||byti|||
58769|тъі|ⱅⱏⰹ|ty||||0|0|||||0||||ty|||
58780|своѩ҃|ⱄⰲⱁⱗ҃|svoję||||0|0|||||0||||pron_soft|||
66565|апл҃ъі|ⰰⱂⰾ҃ⱏⰹ|apostoly||||2|0|||||0|ἀπόστολος|||masc_o|||
150572|лозие|ⰾⱁⰸⰻⰵ|lozьje||||0|0||vine|||0||||nt_jo|||
59127|нареклъ|ⱀⰰⱃⰵⰽⰾⱏ|nareklъ||||0|0|||||0||||11|||
58773|еси|ⰵⱄⰻ|jesi||||0|0|||||0||||byti|||
58769|тъі|ⱅⱏⰹ|ty||||0|0|||||0||||ty|||
60283|ил҃ѣ|ⰻⰾ҃ⱑ|jizrajiĺǞ||||25|0|W||jizrajiljǞ||0|Ἰσραήλ|||masc_jo|||
58785|отъ|ⱁⱅⱏ|otъ||||0|0|||||0|||||||
83952|еꙉюпта|ⰵⰼⱓⱂⱅⰰ|jeǵüpьta||||25|0|W|Egypt|||0|Αἴγυπτος|||masc_o|||
125638|прѣнесе|ⱂⱃⱑⱀⰵⱄⰵ|pernese||||0|0|||||0||||11|||
58771|и|ⰻ|i||||0|0|||||0|||||||
60252|изгъна|ⰻⰸⰳⱏⱀⰰ|jьzgъna||||0|0|||||0||||51_abl|||
59128|ѩзъікъі|ⱗⰸⱏⰹⰽⱏⰹ|języky||||0|0|||||0||||masc_o|||
58771|и|ⰻ|i||||0|0|||||0|||||||
59494|насади|ⱀⰰⱄⰰⰴⰻ|nasadi||||0|0|||||0||||40|||
58765|ѩ|ⱗ|ję||||0|0|||||0||||jь|||
60062|такожде|ⱅⰰⰽⱁⰶⰴⰵ|takoђe||||0|0|||takodje||0|||||||
58901|и|ⰻ|i||||0|0|||||0|||||||
64687|нъінѣ|ⱀⱏⰹⱀⱑ|nyně|||nyńǞ|0|0||||See essja p.59-60; apparently cognate with Lith.  nunai, and the final -ně with Gk. nai. The frequent occurence of the palatalisation diacritic and <ꙗ> in Cyr. mss. is a big problem.|0|||||||
67620|призьри|ⱂⱃⰻⰸⱐⱃⰻ|prizьri||||0|0||look at; look after, pay attention to|||0||||31|||
58783|на|ⱀⰰ|na||||0|0|||||0|||||||
59493|виноградъ|ⰲⰻⱀⱁⰳⱃⰰⰴⱏ|vinogordъ||||0|0|||||0||||masc_o|||
59234|съ|ⱄⱏ|sь||||0|0|||||0||||sь|||
58771|і|ⰹ|i||||0|0|||||0|||||||
59494|насади|ⱀⰰⱄⰰⰴⰻ|nasadi||||0|0|||||0||||40|||
58765|и|ⰻ|jь||||0|0|||||0||||jь|||
58771|і|ⰹ|i||||0|0|||||0|||||||
150573|ѹкорени|ⱆⰽⱁⱃⰵⱀⰻ|ukoreni||||0|0|||||0||||40|||
58765|и|ⰻ|jь||||0|0|||||0||||jь|||
58771|і|ⰹ|i||||0|0|||||0|||||||
69870|ѹглѫби|ⱆⰳⰾⱘⰱⰻ|uglǫbi||||0|0||deepen; bury deeper|||0||||40|||
67655|мл҃сть|ⰿⰾ҃ⱄⱅⱐ|milostь||||0|0|||||0||||fem_i|||
58814|твоѭ|ⱅⰲⱁⱙ|tvojǫ||||0|0|||||0||||pron_soft|||
58783|на|ⱀⰰ|na||||0|0|||||0|||||||
58765|нь|ⱀⱐ|ńь||||0|0|||njь||0||||jь|||
59495|огради|ⱁⰳⱃⰰⰴⰻ|ogordi||||0|0|||||0||||40|||
58765|и|ⰻ|jь||||0|0|||||0||||jь|||
68965|острогомь|ⱁⱄⱅⱃⱁⰳⱁⰿⱐ|ostrogomь||||0|0||||Vasmer gives Ukr. остріг, Pol. ostróg as cognates|0||||masc_o|||
119821|въходъі|ⰲⱏⱈⱁⰴⱏⰹ|vъxody||||0|0|||||0||||masc_o|||
58771|и|ⰻ|i||||0|0|||||0|||||||
68532|исходъі|ⰻⱄⱈⱁⰴⱏⰹ|jьsxody||||0|0|||||0||||masc_o|||
58765|его|ⰵⰳⱁ|jego||||0|0|||||0||||jь|||
66370|ізбави|ⰹⰸⰱⰰⰲⰻ|jьzbavi||||0|0|||||0||||40|||
58785|отъ|ⱁⱅⱏ|otъ||||0|0|||||0|||||||
65098|снѣга|ⱄⱀⱑⰳⰰ|sněga||||0|0|||||0||||masc_o|||
58771|і|ⰹ|i||||0|0|||||0|||||||
58785|отъ|ⱁⱅⱏ|otъ||||0|0|||||0|||||||
83964|мраза|ⰿⱃⰰⰸⰰ|morza||||0|0||frost|||0||||masc_o|||
58771|і|ⰹ|i||||0|0|||||0|||||||
58785|отъ|ⱁⱅⱏ|otъ||||0|0|||||0|||||||
150574|града|ⰳⱃⰰⰴⰰ|grada||||0|0||hail|||0||||masc_o|||
64270|носима|ⱀⱁⱄⰻⰿⰰ|nosima||||0|0|||||0||||40|||
66787|бѹреѭ|ⰱⱆⱃⰵⱙ|buŕejǫ||||0|0||storm|burjejǫ||0||||fem_ja|||
150575|вш|ⰲⱎ|vъzgolšenьje||||0|0||proclamation|||0||||nt_jo|||
72150|Ѣко|Ⱑⰽⱁ|ako||||0|0|||||0|||||||
67983|милостивъі|ⰿⰻⰾⱁⱄⱅⰻⰲⱏⰹ|milostivъjь||||0|1|||||0||||adj_hard|||
133864|ч҃клюбець|ⱍ҃ⰽⰾⱓⰱⰵⱌⱐ|čьlověkoĺubьkь|čьlověkoĺubьkъ||čelověkoĺubьkь|0|0|||čьlověkoljubьkь||0||||masc_o_PV3|||
60009|б҃ъ|ⰱ҃ⱏ|bogъ||||0|0|||||0||||masc_o|||
58773|еси|ⰵⱄⰻ|jesi||||0|0|||||0||||byti|||
58771|і|ⰹ|i||||0|0|||||0|||||||
58769|тебѣ|ⱅⰵⰱⱑ|tebě|||tobě|0|0|||||0||||ty|||
59126|мол|ⰿⱁⰾ|modlitva||||0|0|||||0||||fem_a|||
58783|на|ⱀⰰ|na||||0|0|||||0|||||||
67986|гроздъми|ⰳⱃⱁⰸⰴⱏⰿⰻ|grozdъmi|grozdy|||0|0||bunch (of grapes)||occurs with the u-stem Ipl. ending as гроздъми in Euch. but Derksen 2008 p.191 lists it as an o-stem so I will reconstruct as if it were originally an o-stem for now|0||||masc_o|||
67466|вина|ⰲⰻⱀⰰ|vina||||0|0|||||0||||nt_o|||
58783|на|ⱀⰰ|na||||0|0|||||0|||||||
137485|имание|ⰻⰿⰰⱀⰻⰵ|jьmanьje||||0|0||gathering, harvest|||0||||nt_jo|||
60009|Бж҃е|Ⰱⰶ҃ⰵ|bože||||0|0|||||0||||masc_o|||
67649|сп҃е|ⱄⱂ҃ⰵ|sъpase||||0|0||saviour; salvation|||0||||masc_o|||
58994|нашъ|ⱀⰰⱎⱏ|našь||||0|0|||||0||||pron_soft|||
67592|ізволеи|ⰹⰸⰲⱁⰾⰵⰻ|jьzvoĺьjь||||0|3||choose, favour|jьzvoljьjь||0||||40|||
59127|нарещи|ⱀⰰⱃⰵⱋⰻ|nareћi||||0|0|||narekti||0||||11|||
58829|сѧ|ⱄⱔ|sę||||0|0|||||0||||sę|||
59493|виноградомъ|ⰲⰻⱀⱁⰳⱃⰰⰴⱁⰿⱏ|vinogordomь||||0|0|||||0||||masc_o|||
151283|единочѧдааго|ⰵⰴⰻⱀⱁⱍⱔⰴⰰⰰⰳⱁ|jedinočędajego|||jedьnočędъ|0|1||only-begotten [son]|||0||||masc_o|||
146309|сн҃а|ⱄⱀ҃ⰰ|syna|synu|||0|0|||||0||||masc_u|||
58814|твоего|ⱅⰲⱁⰵⰳⱁ|tvojego||||0|0|||||0||||pron_soft|||
58771|і|ⰹ|i||||0|0|||||0|||||||
60009|б҃а|ⰱ҃ⰰ|boga||||0|0|||||0||||masc_o|||
58858|г҃а|ⰳ҃ⰰ|gospoda|gospodi|||0|0|||||0||||masc_i|||
58994|нашего|ⱀⰰⱎⰵⰳⱁ|našego||||0|0|||||0||||pron_soft|||
58917|ис|ⰻⱄ|jisusu|||jisusa|0|0|||||0||||masc_o_u|||
64943|х҃а|ⱈ҃ⰰ|xristosa||||2|0|||||0|Χριστὸς|||masc_o|||
58771|і|ⰹ|i||||0|0|||||0|||||||
59095|плодъ|ⱂⰾⱁⰴⱏ|plodъ||||0|0|||||0||||masc_o|||
79971|бесъмрътенъ|ⰱⰵⱄⱏⰿⱃⱏⱅⰵⱀⱏ|bessъmŕ̥tьnъ||||0|0|||||0||||adj_hard|||
68007|даровавъ|ⰴⰰⱃⱁⰲⰰⰲⱏ|darovavъ||||0|0|||||0||||61|||
59257|намъ|ⱀⰰⰿⱏ|namъ||||0|0|||||0||||azъ|||
58765|імь|ⰹⰿⱐ|jimь||||0|0|||||0||||jь|||
58769|тъі|ⱅⱏⰹ|ty||||0|0|||||0||||ty|||
59095|плодо|ⱂⰾⱁⰴⱁ|plodъ||||0|0|||||0||||masc_o|||
59234|сь|ⱄⱐ|sь||||0|0|||||0||||sь|||
83004|винънъі|ⰲⰻⱀⱏⱀⱏⰹ|vinьnъjь||||0|1||wine-, of the vine|||0||||adj_hard|||
59043|бл҃гви|ⰱⰾ҃ⰳⰲⰻ|bolgoslovi||||0|0|||||0||||40|||
59126|мо҃лтвами|ⰿⱁ҃ⰾⱅⰲⰰⰿⰻ|modlitvami||||0|0|||||0||||fem_a|||
58910|ст҃ъіѩ|ⱄⱅ҃ⱏⰹⱗ|svętyjeję||||0|1|||||0||||adj_hard|||
118402|бр҃цѧ|ⰱⱃ҃ⱌⱔ|bogorodikę|bogorodiky|||0|0|||||0||||fem_a_PV3|||
58771|і|ⰹ|i||||0|0|||||0|||||||
58821|всѣхъ|ⰲⱄⱑⱈⱏ|vьxěxъ||||0|0|||||0||||vьxь|||
58910|ст҃ъіхъ|ⱄⱅ҃ⱏⰹⱈⱏ|svętъjixъ||||0|1|||||0||||adj_hard|||
58814|твоихъ|ⱅⰲⱁⰻⱈⱏ|tvojixъ||||0|0|||||0||||pron_soft|||
66506|ѹгождьшиихъ|ⱆⰳⱁⰶⰴⱐⱎⰻⰻⱈⱏ|ugoђьšьjixъ||||0|3|||ugodjьšьjixъ||0||||40|||
58769|тебѣ|ⱅⰵⰱⱑ|tebě|||tobě|0|0|||||0||||ty|||
58785|отъ|ⱁⱅⱏ|otъ||||0|0|||||0|||||||
59093|вѣка|ⰲⱑⰽⰰ|věka||||0|0|||||0||||masc_o|||
150575|вш|ⰲⱎ|vъzgolšenьje||||0|0||proclamation|||0||||nt_jo|||
73292|благодѣтиѭ|ⰱⰾⰰⰳⱁⰴⱑⱅⰻⱙ|bolgodětьjǫ||||0|0|||||0||||fem_i|||
58771|и|ⰻ|i||||0|0|||||0|||||||
122818|щедротами|ⱋⰵⰴⱃⱁⱅⰰⰿⰻ|ščedrotami||||0|0||mercy, compassion, kindness, grace||cf. Pol. szczodry|0||||fem_a|||
151283|единочѧдааго|ⰵⰴⰻⱀⱁⱍⱔⰴⰰⰰⰳⱁ|jedinočędajego|||jedьnočędъ|0|1||only-begotten [son]|||0||||masc_o|||
146309|сн҃а|ⱄⱀ҃ⰰ|syna|synu|||0|0|||||0||||masc_u|||
59126|мол|ⰿⱁⰾ|modlitva||||0|0|||||0||||fem_a|||
139708|начѧтью|ⱀⰰⱍⱔⱅⱐⱓ|načętьju||||0|0||undertaking, beginning [to do sth.];; first things of a given season, i.e. first harvest|||0||||nt_jo|||
67466|винѹ|ⰲⰻⱀⱆ|vinu||||0|0|||||0||||nt_o|||
150576|къісѣлѹ|ⰽⱏⰹⱄⱑⰾⱆ|kysělu||||0|0||young (soured?) wine|||0||||adj_hard|||
58858|Гі҃|Ⰳⰹ҃|gospodi||||0|0|||||0||||masc_i|||
58917|ис|ⰻⱄ|jisuse||||0|0|||||0||||masc_o_u|||
64943|х҃е|ⱈ҃ⰵ|xristose||||2|0|||||0|Χριστὸς|||masc_o|||
60009|бж҃е|ⰱⰶ҃ⰵ|bože||||0|0|||||0||||masc_o|||
58994|нашъ|ⱀⰰⱎⱏ|našь||||0|0|||||0||||pron_soft|||
66492|прѣложеи|ⱂⱃⱑⰾⱁⰶⰵⰻ|priložьjь||||0|3|||priložjьjь||0||||40|||
58907|водѫ|ⰲⱁⰴⱘ|vodǫ||||0|0|||||0||||fem_a|||
58774|въ|ⰲⱏ|vъ||||0|0|||||0|||||||
67466|вино|ⰲⰻⱀⱁ|vino||||0|0|||||0||||nt_o|||
58774|въ|ⰲⱏ|vъ||||0|0|||||0|||||||
150577|кана-галилѣискъіхъ|ⰽⰰⱀⰰ-ⰳⰰⰾⰻⰾⱑⰻⱄⰽⱏⰹⱈⱏ|kanagalilejьskěxъjixъ|||kanagalilějьskъ|25|2|W||||0|Κανὰ τῆς Γαλιλαίας|||adj_hard|||
67366|брацѣхъ|ⰱⱃⰰⱌⱑⱈⱏ|bьrakěxъ||||0|0||wedding, feast||ESSJa 03 p.160-1 takes this a derivative of *bьrati, but mentions a list of others who derive it from *borkъ. The word only exists in modern Russian and South Slavic so there is no evidence for or against a TorT-group, and the word does not occur in the Kiev Folia so it's plausible that all the occurences in OCS are spelt without a jer in accordance with their phonological systems. We expect jers for Urkirchenslavisch, however, so that there are no attestations of бьракъ is a problem for ESSJa's derivation|1||||masc_o|||
58771|і|ⰹ|i||||0|0|||||0|||||||
64748|славѫ|ⱄⰾⰰⰲⱘ|slavǫ||||0|0|||||0||||fem_a|||
58780|своѭ|ⱄⰲⱁⱙ|svojǫ||||0|0|||||0||||pron_soft|||
65102|авль|ⰰⰲⰾⱐ|avĺь||||0|0|||avjь||0||||40|||
59097|ѹченикомъ|ⱆⱍⰵⱀⰻⰽⱁⰿⱏ|učenikomъ||||0|0|||||0||||masc_o|||
58780|своимъ|ⱄⰲⱁⰻⰿⱏ|svojimъ||||0|0|||||0||||pron_soft|||
58769|тъі|ⱅⱏⰹ|ty||||0|0|||||0||||ty|||
58901|и|ⰻ|i||||0|0|||||0|||||||
64687|нъінѣ|ⱀⱏⰹⱀⱑ|nyně|||nyńǞ|0|0||||See essja p.59-60; apparently cognate with Lith.  nunai, and the final -ně with Gk. nai. The frequent occurence of the palatalisation diacritic and <ꙗ> in Cyr. mss. is a big problem.|0|||||||
68006|посѣти|ⱂⱁⱄⱑⱅⰻ|posěti||||0|0||visit|||0||||40|||
58785|отъ|ⱁⱅⱏ|otъ||||0|0|||||0|||||||
58910|стааго|ⱄⱅⰰⰰⰳⱁ|svętajego||||0|1|||||0||||adj_hard|||
59408|жилища|ⰶⰻⰾⰻⱋⰰ|žiliščǞ||||0|0||dwellings, living quarters|||0||||nt_jo|||
58780|своего|ⱄⰲⱁⰵⰳⱁ|svojego||||0|0|||||0||||pron_soft|||
58771|і|ⰹ|i||||0|0|||||0|||||||
59043|бг҃ви|ⰱⰳ҃ⰲⰻ|bolgoslovi||||0|0|||||0||||40|||
67466|вино|ⰲⰻⱀⱁ|vino||||0|0|||||0||||nt_o|||
59234|се|ⱄⰵ|se||||0|0|||||0||||sь|||
58771|і|ⰹ|i||||0|0|||||0|||||||
58795|сътвори|ⱄⱏⱅⰲⱁⱃⰻ|sъtvori||||0|0|||||0||||40|||
58765|е|ⰵ|je||||0|0|||||0||||jь|||
58774|во|ⰲⱁ|vъ||||0|0|||||0|||||||
65732|всѣко|ⰲⱄⱑⰽⱁ|vьxako||||0|0|||||0||||pron_hard|||
65623|благо|ⰱⰾⰰⰳⱁ|bolgo||||0|0|||||0||||adj_hard|||
150579|растворение|ⱃⰰⱄⱅⰲⱁⱃⰵⱀⰻⰵ|orstvoŕenьje||||0|0|||orstvorjenьje||0||||nt_jo|||
65114|пиѭщиимъ|ⱂⰻⱙⱋⰻⰻⰿⱏ|pьjǫћemъjimъ||||0|4|||pьjǫtjemъjimъ||0||||17|||
58766|Да|Ⰴⰰ|da||||0|0|||||0|||||||
66295|без|ⰱⰵⰸ|bez||||0|0|||||0||||voice_assim_prep|||
65732|всѣкоѩ|ⰲⱄⱑⰽⱁⱗ|vьxakojęjeję||||0|1|||||0||||pron_hard|||
69224|неприѣзнинъі|ⱀⰵⱂⱃⰻⱑⰸⱀⰻⱀⱏⰹ|neprijǞzniny||||0|0||the Devil's, of the Devil|||0||||adj_hard|||
84008|дѣтѣли|ⰴⱑⱅⱑⰾⰻ|dětěli||||0|0||deed, action|||0||||fem_i|||
65114|пиѭще|ⱂⰻⱙⱋⰵ|pьjǫћe||||0|0|||pьjǫtje||0||||17|||
58765|е|ⰵ|je||||0|0|||||0||||jь|||
64508|славимъ|ⱄⰾⰰⰲⰻⰿⱏ|slavimъ||||0|0||praise, glorify, sing the praises of|||0||||40|||
58769|тѧ|ⱅⱔ|tę||||0|0|||||0||||ty|||
131663|дателѣ|ⰴⰰⱅⰵⰾⱑ|dateĺǞ||||0|0|||dateljǞ||0||||masc_tel|||
58821|всемѹ|ⰲⱄⰵⰿⱆ|vьxemu|vьxomu|||0|0|||||0||||vьxь|||
64420|добрѹ|ⰴⱁⰱⱃⱆ|dobru||||0|0|||||0||||adj_hard|||
84471|приношенью|ⱂⱃⰻⱀⱁⱎⰵⱀⱐⱓ|prinošenьju||||0|0|||||0||||nt_jo|||
58993|оц҃а|ⱁⱌ҃ⰰ|otьka||||0|0|||||0||||masc_o_PV3|||
58771|и|ⰻ|i||||0|0|||||0|||||||
146309|сн҃а|ⱄⱀ҃ⰰ|syna|synu|||0|0|||||0||||masc_u|||
58771|и|ⰻ|i||||0|0|||||0|||||||
58910|с|ⱄ|corrupted morphology tag||||0|0|||||0||||adj_hard|||
59126|мол|ⰿⱁⰾ|modlitva||||0|0|||||0||||fem_a|||
137285|благ҃вение|ⰱⰾⰰⰳ҃ⰲⰵⱀⰻⰵ|bolgoslovĺenьje||||0|0||blessing|bolgoslovjenьje||0||||nt_jo|||
59745|домѹ|ⰴⱁⰿⱆ|domu|domovi|||0|0|||||0||||masc_u|||
58771|и|ⰻ|i||||0|0|||||0|||||||
59125|храмѹ|ⱈⱃⰰⰿⱆ|xormu||||0|0|||||0||||masc_o|||
60009|Бж҃е|Ⰱⰶ҃ⰵ|bože||||0|0|||||0||||masc_o|||
83831|сп҃телю|ⱄⱂ҃ⱅⰵⰾⱓ|sъpasiteĺu||||0|0|||sъpasitelju||0||||masc_tel|||
58994|нашъ|ⱀⰰⱎⱏ|našь||||0|0|||||0||||pron_soft|||
68983|съподоблеи|ⱄⱏⱂⱁⰴⱁⰱⰾⰵⰻ|sъpodobĺьjь||||0|3|||sъpodobjьjь||0||||40|||
64426|подъ|ⱂⱁⰴⱏ|podъ||||0|0|||||0|||||||
64411|кровъ|ⰽⱃⱁⰲⱏ|krovъ||||0|0||roof, rooftop|||0||||masc_o|||
150580|закьхеовъ|ⰸⰰⰽⱐⱈⰵⱁⰲⱏ|zaḱьxejovъ|zaḱьxejevъ||zaḱьxějovъ|25|0|W||||0|Ζακχαῖος < זכי|||adj_hard|||
59000|вьнити|ⰲⱐⱀⰻⱅⰻ|vъniti||||0|0|||||0||||jьti|||
67717|сп҃ение|ⱄⱂ҃ⰵⱀⰻⰵ|sъpasenьje||||0|0|||||0||||nt_jo|||
58765|емѹ|ⰵⰿⱆ|jemu||||0|0|||||0||||jь|||
58771|і|ⰹ|i||||0|0|||||0|||||||
58821|всемѹ|ⰲⱄⰵⰿⱆ|vьxemu|vьxomu|||0|0|||||0||||vьxь|||
59745|домови|ⰴⱁⰿⱁⰲⰻ|domovi||||0|0|||||0||||masc_u|||
58765|его|ⰵⰳⱁ|jego||||0|0|||||0||||jь|||
58773|бъіти|ⰱⱏⰹⱅⰻ|byti||||0|0|||||0||||byti|||
58960|по|ⱂⱁ|po||||0|0|||||0|||||||
58814|твоемѹ|ⱅⰲⱁⰵⰿⱆ|tvojemu||||0|0|||||0||||pron_soft|||
79720|прѣчистѹмѹ|ⱂⱃⱑⱍⰻⱄⱅⱆⰿⱆ|perčistujemu||||0|1|||||0||||adj_hard|||
58771|і|ⰹ|i||||0|0|||||0|||||||
79971|бесъмрътънѹмѹ|ⰱⰵⱄⱏⰿⱃⱏⱅⱏⱀⱆⰿⱆ|bessъmŕ̥tьnujemu||||0|1|||||0||||adj_hard|||
58926|гласѹ|ⰳⰾⰰⱄⱆ|golsu||||0|0|||||0||||masc_o|||
58800|іже|ⰹⰶⰵ|jьže||||0|0|||||0||||jьže|||
58785|отъ|ⱁⱅⱏ|otъ||||0|0|||||0|||||||
84633|евѣ҃листъ|ⰵⰲⱑ҃ⰾⰻⱄⱅⱏ|jevanǵelistъ||||2|0|W||||0|εὐαγγελιστής|||masc_o|||
67794|вселенѣи|ⰲⱄⰵⰾⰵⱀⱑⰻ|vъsedĺenějejь||||0|1|||vъsedljenějejь||0||||long_adj_noun|||
58774|въ|ⰲⱏ|vъ||||0|0|||||0|||||||
59928|истинѫ|ⰻⱄⱅⰻⱀⱘ|jьstinǫ||||0|0|||||0||||fem_a|||
58868|проповѣда|ⱂⱃⱁⱂⱁⰲⱑⰴⰰ|propověda||||0|0|||||0||||54|||
58829|сѧ|ⱄⱔ|sę||||0|0|||||0||||sę|||
58769|тъі|ⱅⱏⰹ|ty||||0|0|||||0||||ty|||
58901|и|ⰻ|i||||0|0|||||0|||||||
64687|нъінѣ|ⱀⱏⰹⱀⱑ|nyně|||nyńǞ|0|0||||See essja p.59-60; apparently cognate with Lith.  nunai, and the final -ně with Gk. nai. The frequent occurence of the palatalisation diacritic and <ꙗ> in Cyr. mss. is a big problem.|0|||||||
64035|хотѧшѧѩ|ⱈⱁⱅⱔⱎⱔⱗ|xotęћęję|||xъtěti|0|3|||xotętjęję||0||||will|||
64123|сьде|ⱄⱐⰴⰵ|sьde||||0|0||here, осында, бұл жерде|||0|||||||
67386|жити|ⰶⰻⱅⰻ|žiti||||0|0||||Diels 1963 p.250 takes aorists formed on the stem *ži to be more recent innovations, seeing the original 3rd sg. aorist as живе|0||||11|||
59257|нами|ⱀⰰⰿⰻ|nami||||0|0|||||0||||azъ|||
58771|і|ⰹ|i||||0|0|||||0|||||||
59234|сими|ⱄⰻⰿⰻ|simi||||0|0|||||0||||sь|||
67660|съмѣренъіми|ⱄⱏⰿⱑⱃⰵⱀⱏⰹⰿⰻ|sъměŕenyjimi||||0|1||humble, meek (literally 'measured down': cut down to size, knocked down a few pegs)|||0||||adj_hard|||
58771|і|ⰹ|i||||0|0|||||0|||||||
65090|грѣшънъіми|ⰳⱃⱑⱎⱏⱀⱏⰹⰿⰻ|grěšьnyjimi||||0|1|||||0||||adj_hard|||
59126|мол(и)твъі|ⰿⱁⰾ(ⰻ)ⱅⰲⱏⰹ|modlitvy||||0|0|||||0||||fem_a|||
60229|приносѧшѧѩ|ⱂⱃⰻⱀⱁⱄⱔⱎⱔⱗ|prinosęћęję||||0|3|||prinosętjęję||0||||40|||
59043|бл҃гви|ⰱⰾ҃ⰳⰲⰻ|bolgoslovi||||0|0|||||0||||40|||
58771|і|ⰹ|i||||0|0|||||0|||||||
66331|прослави|ⱂⱃⱁⱄⰾⰰⰲⰻ|proslavi||||0|0|||||0||||40|||
66295|бес|ⰱⰵⱄ|bez||||0|0|||||0||||voice_assim_prep|||
69629|пакости|ⱂⰰⰽⱁⱄⱅⰻ|pakosti||||0|0|||||0||||fem_i|||
58771|і|ⰹ|i||||0|0|||||0|||||||
150581|врѣждениѣ|ⰲⱃⱑⰶⰴⰵⱀⰻⱑ|verђenьjǞ||||0|0|||verdjenьjǞ||0||||nt_jo|||
58821|всего|ⰲⱄⰵⰳⱁ|vьxego|vьxogo|||0|0|||||0||||vьxь|||
64116|житиѣ|ⰶⰻⱅⰻⱑ|žitьjǞ||||0|0|||||0||||nt_jo|||
58774|въ|ⰲⱏ|vъ||||0|0|||||0|||||||
59125|храмѣ|ⱈⱃⰰⰿⱑ|xormě||||0|0|||||0||||masc_o|||
59234|семь|ⱄⰵⰿⱐ|semь||||0|0|||||0||||sь|||
66191|авлѣѩ|ⰰⰲⰾⱑⱗ|avĺǞję||||0|0|||avjǞję||0||||54|||
58765|имъ|ⰻⰿⱏ|jimъ||||0|0|||||0||||jь|||
58814|твоими|ⱅⰲⱁⰻⰿⰻ|tvojimi||||0|0|||||0||||pron_soft|||
65623|благъіми|ⰱⰾⰰⰳⱏⰹⰿⰻ|bolgyjimi||||0|1|||||0||||adj_hard|||
66841|даръми|ⰴⰰⱃⱏⰿⰻ|darъmi|||dary|0|0|||||0||||masc_o_u|||
66254|земънъіми|ⰸⰵⰿⱏⱀⱏⰹⰿⰻ|zemьnyjimi||||0|1||||There are no attestations of **земл҄ьнъ, even though земл҄ьскъ is well attested in KB and Mar., but Russian наземь 'onto the ground' suggests the possibility of a non-jotated i-stem *zemь (mentioned by Derksen p.542), so I will reconstruct *zemьnъ instead of *zemĺьnъ|0||||adj_hard|||
58771|і|ⰹ|i||||0|0|||||0|||||||
79134|неб҃сънъіми|ⱀⰵⰱ҃ⱄⱏⱀⱏⰹⰿⰻ|nebesьnyjimi||||0|1|||||0||||adj_hard|||
150575|вш|ⰲⱎ|vъzgolšenьje||||0|0||proclamation|||0||||nt_jo|||
|Ѣво|Ⱑⰲⱁ||||||||||||||||||||||
64241|подобает|ⱂⱁⰴⱁⰱⰰⰵⱅ|podobajetъ||||0|0|||||0||||54|||
58769|ти|ⱅⰻ|ti|||tobě|0|0|||||0||||ty|||
58821|всѣ|ⰲⱄⱑ|vьxa||||0|0|||||0||||vьxь|||
64748|слава|ⱄⰾⰰⰲⰰ|slava||||0|0|||||0||||fem_a|||
58993|оц҃а|ⱁⱌ҃ⰰ|otьka||||0|0|||||0||||masc_o_PV3|||
58771|и|ⰻ|i||||0|0|||||0|||||||
146309|сн҃а|ⱄⱀ҃ⰰ|syna|synu|||0|0|||||0||||masc_u|||
58771|і|ⰹ|i||||0|0|||||0|||||||
58910|ст҃ааго|ⱄⱅ҃ⰰⰰⰳⱁ|svętajego||||0|1|||||0||||adj_hard|||
59126|мол|ⰿⱁⰾ|modlitva||||0|0|||||0||||fem_a|||
67778|над|ⱀⰰⰴ|nadъ||||0|0|||||0|||||||
65732|всѣцѣмь|ⰲⱄⱑⱌⱑⰿⱐ|vьxakěmьjimь||||0|2|||||0||||pron_hard|||
59252|стадомь|ⱄⱅⰰⰴⱁⰿⱐ|stadomь||||0|0||herd, flock|||0||||nt_o|||
67715|Вл҃ко|Ⰲⰾ҃ⰽⱁ|voldyko||||0|0|||||0||||masc_a|||
58858|г҃і|ⰳ҃ⰹ|gospodi||||0|0|||||0||||masc_i|||
60009|бж҃е|ⰱⰶ҃ⰵ|bože||||0|0|||||0||||masc_o|||
58994|нашъ|ⱀⰰⱎⱏ|našь||||0|0|||||0||||pron_soft|||
81169|вседръжителю|ⰲⱄⰵⰴⱃⱏⰶⰻⱅⰵⰾⱓ|vьxedŕ̥žiteĺu||||0|0|||vьxedŕ̥žitelju||0||||masc_tel|||
59924|істинънъі|ⰹⱄⱅⰻⱀⱏⱀⱏⰹ|jьstinьnъjь||||0|1|||||0||||adj_hard|||
68609|агньче|ⰰⰳⱀⱐⱍⰵ|agnьče||||0|0|||||0||||masc_o_PV3|||
68954|въземлѧи|ⰲⱏⰸⰵⰿⰾⱔⰻ|vъzemĺęjь||||0|3|||vъzemjęjь||0||||52_abl|||
58872|грѣхъі|ⰳⱃⱑⱈⱏⰹ|grěxy||||0|0|||||0||||masc_o|||
58821|всего|ⰲⱄⰵⰳⱁ|vьxego|vьxogo|||0|0|||||0||||vьxь|||
64975|мира|ⰿⰻⱃⰰ|mira||||0|0|||||0||||masc_o|||
58767|не|ⱀⰵ|ne||||0|0|||||0|||||||
83523|прѣзьри|ⱂⱃⱑⰸⱐⱃⰻ|perzьri||||0|0||disregard, scorn|||0||||31|||
60303|д҃шъ|ⰴ҃ⱎⱏ|dušь||||0|0|||||0||||fem_ja|||
59248|молѧщь|ⰿⱁⰾⱔⱋⱐ|modlęћь||||0|0|||modlętjь||0||||40|||
58829|сѧ|ⱄⱔ|sę||||0|0|||||0||||sę|||
58769|тебѣ|ⱅⰵⰱⱑ|tebě|||tobě|0|0|||||0||||ty|||
133864|чклюбче|ⱍⰽⰾⱓⰱⱍⰵ|čьlověkoĺubьče|||čelověkoĺubьkь|0|0|||čьlověkoljubьče||0||||masc_o_PV3|||
58898|къ|ⰽⱏ|kъ||||0|0|||||0|||||||
58769|тебѣ|ⱅⰵⰱⱑ|tebě|||tobě|0|0|||||0||||ty|||
84532|прибѣгаемъ|ⱂⱃⰻⰱⱑⰳⰰⰵⰿⱏ|priběgajemъ||||0|0||run to, turn to (for help/in times of need)|||0||||54|||
58771|и|ⰻ|i||||0|0|||||0|||||||
58769|тебѣ|ⱅⰵⰱⱑ|tebě|||tobě|0|0|||||0||||ty|||
58829|сѧ|ⱄⱔ|sę||||0|0|||||0||||sę|||
59248|молимъ|ⰿⱁⰾⰻⰿⱏ|modlimъ||||0|0|||||0||||40|||
67592|ізволеи|ⰹⰸⰲⱁⰾⰵⰻ|jьzvoĺьjь||||0|3||choose, favour|jьzvoljьjь||0||||40|||
65624|вѣчьнааго|ⰲⱑⱍⱐⱀⰰⰰⰳⱁ|věčьnajego||||0|1|||||0||||adj_hard|||
58780|своего|ⱄⰲⱁⰵⰳⱁ|svojego||||0|0|||||0||||pron_soft|||
59057|иѣкова|ⰻⱑⰽⱁⰲⰰ|ijǞkova||||25|0|W||||0|Ἰάκωβος|||masc_o|||
58771|і|ⰹ|i||||0|0|||||0|||||||
122529|ѹмъножь|ⱆⰿⱏⱀⱁⰶⱐ|umъnožь||||0|0|||umъnožjь||0||||40|||
58765|его|ⰵⰳⱁ|jego||||0|0|||||0||||jь|||
59252|стада|ⱄⱅⰰⰴⰰ|stado||||0|0||herd, flock|||0||||nt_o|||
58771|і|ⰹ|i||||0|0|||||0|||||||
66370|избавивъ|ⰻⰸⰱⰰⰲⰻⰲⱏ|jьzbavivъ|jьzbavĺь|||0|0|||||0||||40|||
58765|і|ⰹ|jь||||0|0|||||0||||jь|||
58785|отъ|ⱁⱅⱏ|otъ||||0|0|||||0|||||||
58831|рѫкъі|ⱃⱘⰽⱏⰹ|rǫky||||0|0|||||0||||fem_a|||
83962|исаавовъі|ⰻⱄⰰⰰⰲⱁⰲⱏⰹ|isaavovy||||25|0|W|Esau's, of Esau|||0|Ἡσαῦ < עֵשָׂו‎|||adj_hard|||
58771|і|ⰹ|i||||0|0|||||0|||||||
58785|отъ|ⱁⱅⱏ|otъ||||0|0|||||0|||||||
150582|лаваановъі|ⰾⰰⰲⰰⰰⱀⱁⰲⱏⰹ|lavaanovy||||25|0|W||||0|Λάβαν < לָבָן|||adj_hard|||
58901|і|ⰹ|i||||0|0|||||0|||||||
64687|нъінѣ|ⱀⱏⰹⱀⱑ|nyně|||nyńǞ|0|0||||See essja p.59-60; apparently cognate with Lith.  nunai, and the final -ně with Gk. nai. The frequent occurence of the palatalisation diacritic and <ꙗ> in Cyr. mss. is a big problem.|0|||||||
67592|изволи|ⰻⰸⰲⱁⰾⰻ|jьzvoli||||0|0||choose, favour|||0||||40|||
58771|і|ⰹ|i||||0|0|||||0|||||||
59043|б҃лгви|ⰱ҃ⰾⰳⰲⰻ|bolgoslovi||||0|0|||||0||||40|||
59252|стадо|ⱄⱅⰰⰴⱁ|stado||||0|0||herd, flock|||0||||nt_o|||
59234|се|ⱄⰵ|se||||0|0|||||0||||sь|||
58771|і|ⰹ|i||||0|0|||||0|||||||
122529|ѹмъножи|ⱆⰿⱏⱀⱁⰶⰻ|umъnoži||||0|0|||||0||||40|||
58765|е|ⰵ|je||||0|0|||||0||||jь|||
58783|на|ⱀⰰ|na||||0|0|||||0|||||||
147004|тъісѧщѧ|ⱅⱏⰹⱄⱔⱋⱔ|tysęћę||||0|0|||tysętję||0||||fem_ji|||
58771|и|ⰻ|i||||0|0|||||0|||||||
58783|на|ⱀⰰ|na||||0|0|||||0|||||||
81628|тъмъі|ⱅⱏⰿⱏⰹ|tьmy||||0|0||ten thousand; an innumerable amount|||0||||fem_a|||
58771|і|ⰹ|i||||0|0|||||0|||||||
66370|избави|ⰻⰸⰱⰰⰲⰻ|jьzbavi||||0|0|||||0||||40|||
59257|нъі|ⱀⱏⰹ|ny||||0|0|||||0||||azъ|||
58771|и|ⰻ|i||||0|0|||||0|||||||
59292|се|ⱄⰵ|se||||0|0||lo, behold, вот|||0|||||||
58785|отъ|ⱁⱅⱏ|otъ||||0|0|||||0|||||||
82820|насильѣ|ⱀⰰⱄⰻⰾⱐⱑ|nasilьjǞ||||0|0|||||0||||nt_jo|||
68881|иноплеменьникъ|ⰻⱀⱁⱂⰾⰵⰿⰵⱀⱐⱀⰻⰽⱏ|jьnoplemenьnikъ||||0|0||foreigner, outsider, member of different tribe|||0||||masc_o|||
58771|і|ⰹ|i||||0|0|||||0|||||||
58785|отъ|ⱁⱅⱏ|otъ||||0|0|||||0|||||||
58821|всего|ⰲⱄⰵⰳⱁ|vьxego|vьxogo|||0|0|||||0||||vьxь|||
59077|часа|ⱍⰰⱄⰰ|čǞsa||||0|0|||||0||||masc_o|||
65966|съмрътънааго|ⱄⱏⰿⱃⱏⱅⱏⱀⰰⰰⰳⱁ|sъmŕ̥tьnajego||||0|1|||||0||||adj_hard|||
64170|съблюди|ⱄⱏⰱⰾⱓⰴⰻ|sъbĺudi||||0|0|||||0||||11|||
58765|е|ⰵ|je||||0|0|||||0||||jь|||
58910|с҃тъіми|ⱄ҃ⱅⱏⰹⰿⰻ|svętyjimi||||0|1|||||0||||adj_hard|||
59019|аѣлъі|ⰰⱑⰾⱏⰹ|anǵely||||2|0|W||||0|ἄγγελος|||masc_o|||
58780|своими|ⱄⰲⱁⰻⰿⰻ|svojimi||||0|0|||||0||||pron_soft|||
58771|і|ⰹ|i||||0|0|||||0|||||||
68983|съподоби|ⱄⱏⱂⱁⰴⱁⰱⰻ|sъpodobi||||0|0|||||0||||40|||
73481|сътѧжавъшаго|ⱄⱏⱅⱔⰶⰰⰲⱏⱎⰰⰳⱁ|sъtęžǞvъšǞjego||||0|3||hold on to, keep, have on one's person|||0||||31|||
58765|е|ⰵ|je||||0|0|||||0||||jь|||
150583|незавидьливомъ|ⱀⰵⰸⰰⰲⰻⰴⱐⰾⰻⰲⱁⰿⱏ|nezavidьlivomь||||0|0||unenvious|||0||||adj_hard|||
58813|окомь|ⱁⰽⱁⰿⱐ|okomь|očesьmь|||0|0|||||0||||oko|||
81215|наслаждати|ⱀⰰⱄⰾⰰⰶⰴⰰⱅⰻ|nasolђǞti||||0|0|||nasoldjǞti||0||||54|||
58829|сѧ|ⱄⱔ|sę||||0|0|||||0||||sę|||
58785|отъ|ⱁⱅⱏ|otъ||||0|0|||||0|||||||
58765|него|ⱀⰵⰳⱁ|ńego||||0|0|||njego||0||||jь|||
65116|хвалѫ|ⱈⰲⰰⰾⱘ|xvalǫ||||0|0|||||0||||fem_a|||
58769|тебѣ|ⱅⰵⰱⱑ|tebě|||tobě|0|0|||||0||||ty|||
60229|приносити|ⱂⱃⰻⱀⱁⱄⰻⱅⰻ|prinositi||||0|0|||||0||||40|||
150575|вш|ⰲⱎ|vъzgolšenьje||||0|0||proclamation|||0||||nt_jo|||
73292|благодѣтиѭ|ⰱⰾⰰⰳⱁⰴⱑⱅⰻⱙ|bolgodětьjǫ||||0|0|||||0||||fem_i|||
58771|и|ⰻ|i||||0|0|||||0|||||||
122818|щедротами|ⱋⰵⰴⱃⱁⱅⰰⰿⰻ|ščedrotami||||0|0||mercy, compassion, kindness, grace||cf. Pol. szczodry|0||||fem_a|||
79679|единочѧдааго|ⰵⰴⰻⱀⱁⱍⱔⰴⰰⰰⰳⱁ|jedьnočędajego|||jedinočędъ|0|1||only-begotten [son]|||0||||masc_o|||
59126|мол|ⰿⱁⰾ|modlitva||||0|0|||||0||||fem_a|||
149648|лѣжѭще|ⰾⱑⰶⱙⱋⰵ|lęgǫћe||||0|0|||lęgǫtje||0||||infix_11|||
58783|на|ⱀⰰ|na||||0|0|||||0|||||||
68612|ложи|ⰾⱁⰶⰻ|loži||||0|0||bed; stretcher|||0||||nt_jo|||
59492|Ѡтиди|Ⱉⱅⰻⰴⰻ|otidi||||0|0|||||0||||jьti|||
59017|сотоно|ⱄⱁⱅⱁⱀⱁ|sotono||||25|0||||This word must've been borrowed when CS /o,a/ were still separated by quantity rather than quality as /ă ā/, similar to товар (< Turkic. *tawar, Kaz. тауар, Turkish. davar 'livestock')|0|Σατανᾶς |||masc_a|||
58785|отъ|ⱁⱅⱏ|otъ||||0|0|||||0|||||||
59234|сихъ|ⱄⰻⱈⱏ|sixъ||||0|0|||||0||||sь|||
60232|двьреи|ⰴⰲⱐⱃⰵⰻ|dvьrьjь||||0|0|||||0||||fem_i|||
58771|і|ⰹ|i||||0|0|||||0|||||||
58785|отъ|ⱁⱅⱏ|otъ||||0|0|||||0|||||||
59234|сихъ|ⱄⰻⱈⱏ|sixъ||||0|0|||||0||||sь|||
64273|четъіръ|ⱍⰵⱅⱏⰹⱃⱏ|četyrъ|||čьtyre|0|0||||In opposition to Derksen 2008 p.87 I am giving a doublet with čьt- to account for the cztery etc. of the WSl. forms|0||||four|||
59756|ѫголъ|ⱘⰳⱁⰾⱏ|ǫgъlъ||||0|0||corner, cornerstone|||0||||masc_o|||
64123|съде|ⱄⱏⰴⰵ|sьde||||0|0||here, осында, бұл жерде|||0|||||||
58769|тебѣ|ⱅⰵⰱⱑ|tebě|||tobě|0|0|||||0||||ty|||
58890|нѣстъ|ⱀⱑⱄⱅⱏ|něstъ||||0|0|||||0||||nebyti|||
60263|мѣста|ⰿⱑⱄⱅⰰ|města||||0|0|||||0||||nt_o|||
59213|ни|ⱀⰻ|ni||||0|0|||||0|||||||
150505|причѧстнѣ|ⱂⱃⰻⱍⱔⱄⱅⱀⱑ|pričęstьna||||0|0|||||0||||adj_hard|||
64123|сьде|ⱄⱐⰴⰵ|sьde||||0|0||here, осында, бұл жерде|||0|||||||
59281|петръ|ⱂⰵⱅⱃⱏ|petrъ||||2|0|||||0|Πέτρος|||masc_o_u|||
64123|сьде|ⱄⱐⰴⰵ|sьde||||0|0||here, осында, бұл жерде|||0|||||||
73098|павелъ|ⱂⰰⰲⰵⰾⱏ|pavьlъ||||23|0|||||0|Παῦλος < Latin Paulus|||masc_o_u|||
64123|сьде|ⱄⱐⰴⰵ|sьde||||0|0||here, осында, бұл жерде|||0|||||||
58910|с҃тое|ⱄ҃ⱅⱁⰵ|svętoje||||0|1|||||0||||adj_hard|||
59036|ев҃ѣлие|ⰵⰲ҃ⱑⰾⰻⰵ|jevanǵelьje||||2|0|W||||0|εὐαγγέλιον|||nt_jo|||
64123|сьде|ⱄⱐⰴⰵ|sьde||||0|0||here, осында, бұл жерде|||0|||||||
58807|азъ|ⰰⰸⱏ|azъ||||0|0|||||0||||azъ|||
69245|покланѣвъ|ⱂⱁⰽⰾⰰⱀⱑⰲⱏ|poklańǞvъ||||0|0|||poklanjǞvъ||0||||54|||
58829|сѧ|ⱄⱔ|sę||||0|0|||||0||||sę|||
149648|лещи|ⰾⰵⱋⰻ|leћi||||0|0|||legti||0||||infix_11|||
64035|хощѭ|ⱈⱁⱋⱙ|xoћǫ|||xъtěti|0|0|||xotjǫ||0||||will|||
58774|въ|ⰲⱏ|vъ||||0|0|||||0|||||||
58990|имѧ|ⰻⰿⱔ|jьmę||||0|0|||||0||||nt_N|||
58993|о҃ца|ⱁ҃ⱌⰰ|otьka||||0|0|||||0||||masc_o_PV3|||
58771|и|ⰻ|i||||0|0|||||0|||||||
58910|ст҃ааго|ⱄⱅ҃ⰰⰰⰳⱁ|svętajego||||0|1|||||0||||adj_hard|||
58909|д҃ха|ⰴ҃ⱈⰰ|duxa||||0|0|||||0||||masc_o|||
64687|нъінѣ|ⱀⱏⰹⱀⱑ|nyně|||nyńǞ|0|0||||See essja p.59-60; apparently cognate with Lith.  nunai, and the final -ně with Gk. nai. The frequent occurence of the palatalisation diacritic and <ꙗ> in Cyr. mss. is a big problem.|0|||||||
59126|мол|ⰿⱁⰾ|modlitva||||0|0|||||0||||fem_a|||
59285|б҃|ⰱ҃|corrupted morphology tag||||0|0|||||0||||pron_hard|||
66110|томѹжде|ⱅⱁⰿⱆⰶⰴⰵ|tomuђe||||0|0|||tomudje||0||||pron_hard_ђe|||
58774|Въ|Ⰲⱏ|vъ||||0|0|||||0|||||||
58990|имѧ|ⰻⰿⱔ|jьmę||||0|0|||||0||||nt_N|||
58858|г҃а|ⰳ҃ⰰ|gospoda|gospodi|||0|0|||||0||||masc_i|||
58994|нашего|ⱀⰰⱎⰵⰳⱁ|našego||||0|0|||||0||||pron_soft|||
58917|ис҃|ⰻⱄ҃|jisusu|||jisusa|0|0|||||0||||masc_o_u|||
64943|ха|ⱈⰰ|xristosa||||2|0|||||0|Χριστὸς|||masc_o|||
58932|посъли|ⱂⱁⱄⱏⰾⰻ|posъĺi||||0|0|||posъlji||0||||52|||
58774|въ|ⰲⱏ|vъ||||0|0|||||0|||||||
58807|мѧ|ⰿⱔ|mę||||0|0|||||0||||azъ|||
58910|ст҃ъіи|ⱄⱅ҃ⱏⰹⰻ|svętъjь||||0|1|||||0||||adj_hard|||
58814|твои|ⱅⰲⱁⰻ|tvojь||||0|0|||||0||||pron_soft|||
58909|д҃хъ|ⰴ҃ⱈⱏ|duxъ||||0|0|||||0||||masc_o|||
58771|і|ⰹ|i||||0|0|||||0|||||||
65923|въложи|ⰲⱏⰾⱁⰶⰻ|vъloži||||0|0|||||0||||40|||
69177|ѹмъ|ⱆⰿⱏ|umъ||||0|0|||||0||||masc_o|||
58774|въ|ⰲⱏ|vъ||||0|0|||||0|||||||
58805|ср҃це|ⱄⱃ҃ⱌⰵ|sŕ̥dьke|sŕ̥dьko|||0|0|||||0||||nt_o_PV3|||
58929|мое|ⰿⱁⰵ|moje||||0|0|||||0||||pron_soft|||
58910|с҃тааго|ⱄ҃ⱅⰰⰰⰳⱁ|svętajego||||0|1|||||0||||adj_hard|||
58814|твоего|ⱅⰲⱁⰵⰳⱁ|tvojego||||0|0|||||0||||pron_soft|||
58909|дх҃а|ⰴⱈ҃ⰰ|duxa||||0|0|||||0||||masc_o|||
66343|хранѧща|ⱈⱃⰰⱀⱔⱋⰰ|xornęћǞ||||0|0|||xornętjǞ||0||||40|||
60303|д҃шѫ|ⰴ҃ⱎⱘ|dušǫ||||0|0|||||0||||fem_ja|||
58929|моѭ|ⰿⱁⱙ|mojǫ||||0|0|||||0||||pron_soft|||
58771|и|ⰻ|i||||0|0|||||0|||||||
58822|тѣло|ⱅⱑⰾⱁ|tělo||||0|0|||||0||||nt_S|||
58771|і|ⰹ|i||||0|0|||||0|||||||
58821|всѧ|ⰲⱄⱔ|vьxę|vьxy|||0|0|||||0||||vьxь|||
66248|ѹдъі|ⱆⰴⱏⰹ|udy||||0|0||limb, body part|||0||||masc_u|||
58822|тѣлеси|ⱅⱑⰾⰵⱄⰻ|tělese||||0|0|||||0||||nt_S|||
58929|моего|ⰿⱁⰵⰳⱁ|mojego||||0|0|||||0||||pron_soft|||
58771|і|ⰹ|i||||0|0|||||0|||||||
58821|всь|ⰲⱄⱐ|vьxь|vьxъ|||0|0|||||0||||vьxь|||
65425|животъ|ⰶⰻⰲⱁⱅⱏ|životъ||||0|0|||||0||||masc_o|||
133777|състава|ⱄⱏⱄⱅⰰⰲⰰ|sъstava||||0|0||being, Wesen|||0||||masc_o|||
58929|моего|ⰿⱁⰵⰳⱁ|mojego||||0|0|||||0||||pron_soft|||
58785|отъ|ⱁⱅⱏ|otъ||||0|0|||||0|||||||
58821|всего|ⰲⱄⰵⰳⱁ|vьxego|vьxogo|||0|0|||||0||||vьxь|||
69095|зълодѣѣ|ⰸⱏⰾⱁⰴⱑⱑ|zъlodějǞ||||0|0||evil-doer, malefactor|||0||||masc_jo|||
58771|і|ⰹ|i||||0|0|||||0|||||||
58785|отъ|ⱁⱅⱏ|otъ||||0|0|||||0|||||||
65732|всѣкоѩ|ⰲⱄⱑⰽⱁⱗ|vьxakoję||||0|0|||||0||||pron_hard|||
69019|сѣти|ⱄⱑⱅⰻ|sěti||||0|0||net; trap|||0||||fem_i|||
69224|неприѣзнинъі|ⱀⰵⱂⱃⰻⱑⰸⱀⰻⱀⱏⰹ|neprijǞzniny||||0|0||the Devil's, of the Devil|||0||||adj_hard|||
58771|і|ⰹ|i||||0|0|||||0|||||||
58785|отъ|ⱁⱅⱏ|otъ||||0|0|||||0|||||||
58821|всѣхъ|ⰲⱄⱑⱈⱏ|vьxěxъ||||0|0|||||0||||vьxь|||
67327|съблазнъ|ⱄⱏⰱⰾⰰⰸⱀⱏ|sъblaznъ||||0|0||temptation|||0||||masc_o|||
134396|грѣховънъіхъ|ⰳⱃⱑⱈⱁⰲⱏⱀⱏⰹⱈⱏ|grěxovьnъjixъ||||0|1|||||0||||adj_hard|||
58771|і|ⰹ|i||||0|0|||||0|||||||
66564|наѹчи|ⱀⰰⱆⱍⰻ|nauči||||0|0|||||0||||40|||
58807|мѧ|ⰿⱔ|mę||||0|0|||||0||||azъ|||
58769|тебѣ|ⱅⰵⰱⱑ|tebě|||tobě|0|0|||||0||||ty|||
65116|хвалъі|ⱈⰲⰰⰾⱏⰹ|xvaly||||0|0|||||0||||fem_a|||
119680|въсъілати|ⰲⱏⱄⱏⰹⰾⰰⱅⰻ|vysylati||||0|0|||||0||||54|||
58993|о҃цю|ⱁ҃ⱌⱓ|otьku||||0|0|||||0||||masc_o_PV3|||
58771|и|ⰻ|i||||0|0|||||0|||||||
146309|сн҃ѹ|ⱄⱀ҃ⱆ|synu|synovi|||0|0|||||0||||masc_u|||
58771|и|ⰻ|i||||0|0|||||0|||||||
58910|ст҃ѹмѹ|ⱄⱅ҃ⱆⰿⱆ|svętujemu||||0|1|||||0||||adj_hard|||
58909|дхѹ|ⰴⱈⱆ|duxu||||0|0|||||0||||masc_o|||
58771|и|ⰻ|i||||0|0|||||0|||||||
80000|потом|ⱂⱁⱅⱁⰿ|potomь||||0|0|||||0|||||||
64578|вьлѣзѣте|ⰲⱐⰾⱑⰸⱑⱅⰵ|vъlězěte||||0|0||enter, go into, walk into, board (vehicle/boat)|||0||||11|||
58774|вь|ⰲⱐ|vъ||||0|0|||||0|||||||
58999|цр҃квь|ⱌⱃ҃ⰽⰲⱐ|kŕ̥kъvь||||12|0|||||0|From some kind of Gmc. language (if a type of Old High German, before the Second Sound Shift) *kirkô, *kirikô, from Gk. κυρικόν < κυριακόν (see the entry for церковь in Vasmer's dictionary)|||fem_uu|||
58771|і|ⰹ|i||||0|0|||||0|||||||
59251|падет|ⱂⰰⰴⰵⱅ|paděte||||0|0|||||0||||11|||
67330|ниць|ⱀⰻⱌⱐ|nikь|nikъ|||0|0||face downwards, onto one's face||Derksen 2008 p.353 reconstructs PIE *ni-h3kwo-|0||||masc_o_PV3|||
58783|на|ⱀⰰ|na||||0|0|||||0|||||||
64341|земи|ⰸⰵⰿⰻ|zemĺi||||0|0|||zemji||0||||fem_ja|||
64035|хотѧи|ⱈⱁⱅⱔⰻ|xotęjь|||xъtěti|0|3|||||0||||will|||
65711|ісповѣдати|ⰹⱄⱂⱁⰲⱑⰴⰰⱅⰻ|jьspovědati||||0|0||(+ DAT) profess/confess one's faith in, worship; (with ⱄⱔ) praise, give glory unto, glorify|||0||||54|||
58829|сѧ|ⱄⱔ|sę||||0|0|||||0||||sę|||
58771|і|ⰹ|i||||0|0|||||0|||||||
58791|глет|ⰳⰾⰵⱅ|golgoĺetъ||||0|0|||golgoljetъ||0||||52|||
67474|иереи|ⰻⰵⱃⰵⰻ|ijerejь||||2|0|W||||0|ῐ̔ερεύς |||masc_jo_foreign|||
67778|надъ|ⱀⰰⰴⱏ|nadъ||||0|0|||||0|||||||
58765|нимь|ⱀⰻⰿⱐ|ńimь||||0|0|||njimь||0||||jь|||
59126|молитвѫ|ⰿⱁⰾⰻⱅⰲⱘ|modlitvǫ||||0|0|||||0||||fem_a|||
59234|сиѭ|ⱄⰻⱙ|sьjǫ||||0|0|||||0||||sь|||
58858|Гі҃|Ⰳⰹ҃|gospodi||||0|0|||||0||||masc_i|||
60009|б҃же|ⰱ҃ⰶⰵ|bože||||0|0|||||0||||masc_o|||
136013|всемогъи|ⰲⱄⰵⰿⱁⰳⱏⰻ|vьxemogy||||0|0|||||0||||1.1_PRAP|||
58769|тебѣ|ⱅⰵⰱⱑ|tebě|||tobě|0|0|||||0||||ty|||
58773|бѫдѫ|ⰱⱘⰴⱘ|bǫdǫ||||0|0|||||0||||byti|||
58807|азъ|ⰰⰸⱏ|azъ||||0|0|||||0||||azъ|||
150584|исповѣденъ|ⰻⱄⱂⱁⰲⱑⰴⰵⱀⱏ|jьspovědьnъ||||0|0||(with бъіти +DAT) to profess/confess one's faith in, recognise as worship-worthy|||0||||adj_hard|||
58821|всѣхъ|ⰲⱄⱑⱈⱏ|vьxěxъ||||0|0|||||0||||vьxь|||
58929|моихъ|ⰿⱁⰻⱈⱏ|mojixъ||||0|0|||||0||||pron_soft|||
58872|грѣхъ|ⰳⱃⱑⱈⱏ|grěxъ||||0|0|||||0||||masc_o|||
58771|і|ⰹ|i||||0|0|||||0|||||||
58929|моего|ⰿⱁⰵⰳⱁ|mojego||||0|0|||||0||||pron_soft|||
64043|лиха|ⰾⰻⱈⰰ|lixa||||0|0||in excess, more than (+gen.); bad, evil|||0||||adj_hard|||
122523|сътворениѣ|ⱄⱏⱅⰲⱁⱃⰵⱀⰻⱑ|sъtvoŕenьjǞ||||0|0|||sъtvorjenьjǞ||0||||nt_jo|||
59234|сего|ⱄⰵⰳⱁ|sego||||0|0|||||0||||sь|||
58800|еже|ⰵⰶⰵ|ježe||||0|0|||||0||||jьže|||
64974|колижъдо|ⰽⱁⰾⰻⰶⱏⰴⱁ|koližьdo||||0|0||soever|||0|||||||
79085|изгл҃ахъ|ⰻⰸⰳⰾ҃ⰰⱈⱏ|jьzgolgolaxъ||||0|0|||||0||||52|||
58771|и|ⰻ|i||||0|0|||||0|||||||
65742|лихо|ⰾⰻⱈⱁ|lixo||||0|0||too much, excessively, an extremely large amount|||0|||||||
58795|сътворихъ|ⱄⱏⱅⰲⱁⱃⰻⱈⱏ|sъtvorixъ||||0|0|||||0||||40|||
58771|і|ⰹ|i||||0|0|||||0|||||||
65742|лихо|ⰾⰻⱈⱁ|lixo||||0|0||too much, excessively, an extremely large amount|||0|||||||
59469|мъіслихъ|ⰿⱏⰹⱄⰾⰻⱈⱏ|myslixъ||||0|0|||||0||||40|||
65288|гл҃омь|ⰳⰾ҃ⱁⰿⱐ|golgolomь||||0|0||word|||0||||masc_o|||
64176|ли|ⰾⰻ|li||||0|0|||||0|||||||
64813|дѣломь|ⰴⱑⰾⱁⰿⱐ|dělomь||||0|0|||||0||||nt_o_S|||
64176|ли|ⰾⰻ|li||||0|0|||||0|||||||
64389|помъішлениемь|ⱂⱁⰿⱏⰹⱎⰾⰵⱀⰻⰵⰿⱐ|pomyšĺenьjemь||||0|0||thoughts/intentions|pomysljenьjemь||0||||nt_jo|||
58821|всего|ⰲⱄⰵⰳⱁ|vьxego|vьxogo|||0|0|||||0||||vьxь|||
58800|еже|ⰵⰶⰵ|ježe||||0|0|||||0||||jьže|||
58807|азъ|ⰰⰸⱏ|azъ||||0|0|||||0||||azъ|||
64731|помьнѭ|ⱂⱁⰿⱐⱀⱙ|pomьńǫ||||0|0||remember, recall|pomьnjǫ||0||||31|||
120659|любо|ⰾⱓⰱⱁ|ĺubo||||0|0|||ljubo||0|||||||
58767|не|ⱀⰵ|ne||||0|0|||||0|||||||
64731|помьнѭ|ⱂⱁⰿⱐⱀⱙ|pomьńǫ||||0|0||remember, recall|pomьnjǫ||0||||31|||
58800|ѣже|ⱑⰶⰵ|jǞže||||0|0|||||0||||jьže|||
58807|азъ|ⰰⰸⱏ|azъ||||0|0|||||0||||azъ|||
67443|съгрѣшихъ|ⱄⱏⰳⱃⱑⱎⰻⱈⱏ|sъgrěšixъ||||0|0|||||0||||40|||
120659|любо|ⰾⱓⰱⱁ|ĺubo||||0|0|||ljubo||0|||||||
58767|не|ⱀⰵ|ne||||0|0|||||0|||||||
66200|съвѣдъі|ⱄⱏⰲⱑⰴⱏⰹ|sъvědy||||0|0|||||0||||wote|||
68751|нѫждеѭ|ⱀⱘⰶⰴⰵⱙ|nǫђejǫ|||nuђǞ|0|0|||nǫdjejǫ|Derksen 2008 p.359 gives *nuђǞ as a variant, which is supported by  Sln. núja and Bulg. нужда (if these are not Serbisms or Rus. Ch. Slavonicisms)|0||||fem_ja|||
120659|любо|ⰾⱓⰱⱁ|ĺubo||||0|0|||ljubo||0|||||||
150585|ненѫждеѭ|ⱀⰵⱀⱘⰶⰴⰵⱙ|nenǫђejǫ|||nenuђǞ|0|0|||nenǫdjejǫ|Derksen 2008 p.359 gives *nuђǞ as a variant, which is supported by  Sln. núja and Bulg. núžda (if these are not Serbisms or Rus. Ch. Slavonicisms)|0||||fem_ja|||
64847|съпѧ|ⱄⱏⱂⱔ|sъpę||||0|0|||||0||||sleep|||
64176|ли|ⰾⰻ|li||||0|0|||||0|||||||
58918|вьдѧ|ⰲⱐⰴⱔ|vidę||||0|0|||||0||||viděti|||
65742|лихо|ⰾⰻⱈⱁ|lixo||||0|0||too much, excessively, an extremely large amount|||0|||||||
66271|клѧтвъі|ⰽⰾⱔⱅⰲⱏⰹ|klętvy||||0|0||oath; curse|||0||||fem_a|||
58771|і|ⰹ|i||||0|0|||||0|||||||
66164|лъжѧ|ⰾⱏⰶⱔ|lъžę||||0|0||||Russian ложь < *lъžь is either a reformation on the model of the fem. i-stems, or the reflex of a separate CS word *lъžь (but OCS лъжь is an adjective meaning 'лживый')|0||||fem_ja|||
58771|і|ⰹ|i||||0|0|||||0|||||||
58774|въ|ⰲⱏ|vъ||||0|0|||||0|||||||
64389|помъішленьи|ⱂⱁⰿⱏⰹⱎⰾⰵⱀⱐⰻ|pomyšĺenьji||||0|0||thoughts/intentions|pomysljenьji||0||||nt_jo|||
66287|неправедьнѣ|ⱀⰵⱂⱃⰰⰲⰵⰴⱐⱀⱑ|nepravьdьně||||0|0|||||0||||adj_hard|||
150586|пѹстоши|ⱂⱆⱄⱅⱁⱎⰻ|pustoši||||0|0||empty words, meaningless bollocks|||0||||fem_i|||
58771|і|ⰹ|i||||0|0|||||0|||||||
73434|блѧди|ⰱⰾⱔⰴⰻ|blędi||||0|0||nonsense talk, jabber, gossip, a load of bollocks|||0||||fem_i|||
66347|ѣкоже|ⱑⰽⱁⰶⰵ|akože||||0|0|||||0|||||||
58807|азъ|ⰰⰸⱏ|azъ||||0|0|||||0||||azъ|||
64974|колижъдо|ⰽⱁⰾⰻⰶⱏⰴⱁ|koližьdo||||0|0||soever|||0|||||||
58795|сътворихъ|ⱄⱏⱅⰲⱁⱃⰻⱈⱏ|sъtvorixъ||||0|0|||||0||||40|||
58771|і|ⰹ|i||||0|0|||||0|||||||
58821|всѣ|ⰲⱄⱑ|vьxa||||0|0|||||0||||vьxь|||
59088|из|ⰻⰸ|jьz||||0|0|||||0||||voice_assim_prep|||
64043|лиха|ⰾⰻⱈⰰ|lixa||||0|0||in excess, more than (+gen.); bad, evil|||0||||adj_hard|||
58774|вь|ⰲⱐ|vъ||||0|0|||||0|||||||
150587|ѣденьи|ⱑⰴⰵⱀⱐⰻ|jǞdenьji||||0|0|||||0||||nt_jo|||
58771|і|ⰹ|i||||0|0|||||0|||||||
58774|вь|ⰲⱐ|vъ||||0|0|||||0|||||||
123825|питьи|ⱂⰻⱅⱐⰻ|pitьji||||0|0|||||0||||nt_jo|||
58771|і|ⰹ|i||||0|0|||||0|||||||
58774|въ|ⰲⱏ|vъ||||0|0|||||0|||||||
66287|неправедьнѣмь|ⱀⰵⱂⱃⰰⰲⰵⰴⱐⱀⱑⰿⱐ|nepravьdьnějemь||||0|1|||||0||||adj_hard|||
150588|съпаньи|ⱄⱏⱂⰰⱀⱐⰻ|sъpanьji||||0|0|||||0||||nt_jo|||
59248|молѭ|ⰿⱁⰾⱙ|modĺǫ||||0|0|||modljǫ||0||||40|||
58769|тѧ|ⱅⱔ|tę||||0|0|||||0||||ty|||
58858|г҃і|ⰳ҃ⰹ|gospodi||||0|0|||||0||||masc_i|||
60009|б҃же|ⰱ҃ⰶⰵ|bože||||0|0|||||0||||masc_o|||
58929|мои|ⰿⱁⰻ|mojь||||0|0|||||0||||pron_soft|||
58766|да|ⰴⰰ|da||||0|0|||||0|||||||
58769|тъі|ⱅⱏⰹ|ty||||0|0|||||0||||ty|||
58807|ми|ⰿⰻ|mi||||0|0|||||0||||azъ|||
73281|рачилъ|ⱃⰰⱍⰻⰾⱏ|račilъ||||0|0||desire, wish for, want||Derksen 2008 p.431-2 gives Ru. dial. рачить, Pol. raczyć as cognates, and cites the Lexikon Indogermanischer Verben's theory of this being a lengthened o-grade of the *rek- root in решти etc.|0||||40|||
65425|животъ|ⰶⰻⰲⱁⱅⱏ|životъ||||0|0|||||0||||masc_o|||
58771|и|ⰻ|i||||0|0|||||0|||||||
67655|милость|ⰿⰻⰾⱁⱄⱅⱐ|milostь||||0|0|||||0||||fem_i|||
66669|подати|ⱂⱁⰴⰰⱅⰻ|podati||||0|0|||||0||||dati|||
58766|да|ⰴⰰ|da||||0|0|||||0|||||||
58901|и|ⰻ|i||||0|0|||||0|||||||
58807|азъ|ⰰⰸⱏ|azъ||||0|0|||||0||||azъ|||
58767|не|ⱀⰵ|ne||||0|0|||||0|||||||
80840|посрамленъ|ⱂⱁⱄⱃⰰⰿⰾⰵⱀⱏ|posormĺenъ||||0|0||shame, disgrace, dishonour, defile|posormjenъ||0||||40|||
58985|прѣдъ|ⱂⱃⱑⰴⱏ|perdъ||||0|0|||||0|||||||
58813|очима|ⱁⱍⰻⰿⰰ|očima||||0|0|||||0||||oko|||
58814|твоима|ⱅⰲⱁⰻⰿⰰ|tvojima||||0|0|||||0||||pron_soft|||
58773|бѫдѫ|ⰱⱘⰴⱘ|bǫdǫ||||0|0|||||0||||byti|||
58771|і|ⰹ|i||||0|0|||||0|||||||
58766|да|ⰴⰰ|da||||0|0|||||0|||||||
58807|азъ|ⰰⰸⱏ|azъ||||0|0|||||0||||azъ|||
59543|еще|ⰵⱋⰵ|ješčě||||0|0|||||0|||||||
58783|на|ⱀⰰ|na||||0|0|||||0|||||||
59234|семь|ⱄⰵⰿⱐ|semь||||0|0|||||0||||sь|||
70455|свѣтѣ|ⱄⰲⱑⱅⱑ|světě||||0|0|||||0||||masc_o|||
58929|моихъ|ⰿⱁⰻⱈⱏ|mojixъ||||0|0|||||0||||pron_soft|||
58872|грѣхъ|ⰳⱃⱑⱈⱏ|grěxъ||||0|0|||||0||||masc_o|||
66322|покаѭ|ⱂⱁⰽⰰⱙ|pokajǫ||||0|0|||||0||||53|||
58829|сѧ|ⱄⱔ|sę||||0|0|||||0||||sę|||
58771|і|ⰹ|i||||0|0|||||0|||||||
58891|достоино|ⰴⱁⱄⱅⱁⰻⱀⱁ|dostojьno||||0|0|||||0||||adj_hard|||
58870|покаание|ⱂⱁⰽⰰⰰⱀⰻⰵ|pokajǞnьje||||0|0|||||0||||nt_jo|||
59090|имѣти|ⰻⰿⱑⱅⰻ|jьměti||||0|0|||||0||||have|||
59413|могѫ|ⰿⱁⰳⱘ|mogǫ||||0|0|||||0||||11|||
59001|ѣкоже|ⱑⰽⱁⰶⰵ|akože||||0|0|||||0|||||||
58814|твоѩ|ⱅⰲⱁⱗ|tvoję||||0|0|||||0||||pron_soft|||
122818|щедротъі|ⱋⰵⰴⱃⱁⱅⱏⰹ|ščedroty||||0|0||mercy, compassion, kindness, grace||cf. Pol. szczodry|0||||fem_a|||
58773|сѫтъ|ⱄⱘⱅⱏ|sǫtъ||||0|0|||||0||||byti|||
150589|всевлк҃о|ⰲⱄⰵⰲⰾⰽ҃ⱁ|vьševeliče||||0|0|||||0||||adj_hard|||
58858|г҃і|ⰳ҃ⰹ|gospodi||||0|0|||||0||||masc_i|||
81589|троице|ⱅⱃⱁⰻⱌⰵ|trojike|trojiko|||0|0||Trinity|||1||||fem_a_PV3|||
60009|б҃же|ⰱ҃ⰶⰵ|bože||||0|0|||||0||||masc_o|||
136013|всемогъі|ⰲⱄⰵⰿⱁⰳⱏⰹ|vьxemogy||||0|0|||||0||||1.1_PRAP|||
58773|бѫди|ⰱⱘⰴⰻ|bǫdi||||0|0|||||0||||byti|||
58807|ми|ⰿⰻ|mi||||0|0|||||0||||azъ|||
80420|помощьникъ|ⱂⱁⰿⱁⱋⱐⱀⰻⰽⱏ|pomoћьnikъ||||0|0|||pomogtьnikъ||0||||masc_o|||
58771|і|ⰹ|i||||0|0|||||0|||||||
58773|бѫди|ⰱⱘⰴⰻ|bǫdi||||0|0|||||0||||byti|||
58807|ми|ⰿⰻ|mi||||0|0|||||0||||azъ|||
66669|подавъи|ⱂⱁⰴⰰⰲⱏⰻ|podavъjь||||0|3|||||0||||dati|||
60105|силѫ|ⱄⰻⰾⱘ|silǫ||||0|0|||||0||||fem_a|||
58771|і|ⰹ|i||||0|0|||||0|||||||
67609|мѫдрость|ⰿⱘⰴⱃⱁⱄⱅⱐ|mǫdrostь||||0|0|||||0||||fem_i|||
58771|і|ⰹ|i||||0|0|||||0|||||||
66286|правьденъ|ⱂⱃⰰⰲⱐⰴⰵⱀⱏ|pravьdьnъ||||0|0|||||0||||adj_hard|||
150590|замъіслъ|ⰸⰰⰿⱏⰹⱄⰾⱏ|zamyslъ||||0|0||intention, plan|||0||||masc_o|||
58771|і|ⰹ|i||||0|0|||||0|||||||
64420|добрѫ|ⰴⱁⰱⱃⱘ|dobrǫ||||0|0|||||0||||adj_hard|||
66351|волѭ|ⰲⱁⰾⱙ|voĺǫ||||0|0|||voljǫ||0||||fem_ja|||
58764|съ|ⱄⱏ|﻿sъ||||0|0|||||0|||||||
66286|праведъноѭ|ⱂⱃⰰⰲⰵⰴⱏⱀⱁⱙ|pravьdьnojǫ||||0|0|||||0||||adj_hard|||
59226|вѣроѭ|ⰲⱑⱃⱁⱙ|věrojǫ||||0|0|||||0||||fem_a|||
58783|на|ⱀⰰ|na||||0|0|||||0|||||||
58814|твоѭ|ⱅⰲⱁⱙ|tvojǫ||||0|0|||||0||||pron_soft|||
67618|слѹжъбѫ|ⱄⰾⱆⰶⱏⰱⱘ|služьbǫ||||0|0|||||0||||fem_a|||
58858|г҃і|ⰳ҃ⰹ|gospodi||||0|0|||||0||||masc_i|||
58769|тъі|ⱅⱏⰹ|ty||||0|0|||||0||||ty|||
58827|единъ|ⰵⰴⰻⱀⱏ|jedinъ|||jedьn|0|0|||||0||||pron_hard|||
58783|на|ⱀⰰ|na||||0|0|||||0|||||||
59234|съ|ⱄⱏ|sь||||0|0|||||0||||sь|||
70455|свѣтъ|ⱄⰲⱑⱅⱏ|světъ||||0|0|||||0||||masc_o|||
58916|приде|ⱂⱃⰻⰴⰵ|prijьde||||0|0|||||0||||jьti|||
65555|грѣшъникъ|ⰳⱃⱑⱎⱏⱀⰻⰽⱏ|grěšьnikъ||||0|0|||||0||||masc_o|||
66370|ізбавитъ|ⰹⰸⰱⰰⰲⰻⱅⱏ|jьzbavitъ||||0|0|||||0||||40|||
58773|бѫди|ⰱⱘⰴⰻ|bǫdi||||0|0|||||0||||byti|||
58807|мѧ|ⰿⱔ|mę||||0|0|||||0||||azъ|||
150789|с҃псъі|ⱄ҃ⱂⱄⱏⰹ|sъpasъjь||||0|3|||||0||||11|||
66370|ізбави|ⰹⰸⰱⰰⰲⰻ|jьzbavi||||0|0|||||0||||40|||
58807|мѧ|ⰿⱔ|mę||||0|0|||||0||||azъ|||
58858|г҃і|ⰳ҃ⰹ|gospodi||||0|0|||||0||||masc_i|||
59032|б҃же|ⰱ҃ⰶⰵ|božьju||||0|0|||||0||||adj_ij|||
146309|с҃не|ⱄ҃ⱀⰵ|syne|synu|||0|0|||||0||||masc_u|||
58858|г҃і|ⰳ҃ⰹ|gospodi||||0|0|||||0||||masc_i|||
59040|ѣкоже|ⱑⰽⱁⰶⰵ|akože||||0|0||as, so, in the way that|||0|||||||
58769|тъі|ⱅⱏⰹ|ty||||0|0|||||0||||ty|||
64035|хощеши|ⱈⱁⱋⰵⱎⰻ|xoћeši|||xъtěti|0|0|||xotješi||0||||will|||
59040|ѣкоже|ⱑⰽⱁⰶⰵ|akože||||0|0||as, so, in the way that|||0|||||||
58769|ти|ⱅⰻ|ti|||tobě|0|0|||||0||||ty|||
82684|любо|ⰾⱓⰱⱁ|ĺubo||||0|0|||ljubo||0||||adj_hard|||
58795|сътвори|ⱄⱏⱅⰲⱁⱃⰻ|sъtvori||||0|0|||||0||||40|||
58764|съ|ⱄⱏ|﻿sъ||||0|0|||||0|||||||
58807|мноѭ|ⰿⱀⱁⱙ|mъnojǫ||||0|0|||||0||||azъ|||
59499|рабомь|ⱃⰰⰱⱁⰿⱐ|orbomь||||0|0|||||0||||masc_o|||
58814|твоимь|ⱅⰲⱁⰻⰿⱐ|tvojimь||||0|0|||||0||||pron_soft|||
67983|милостивъи|ⰿⰻⰾⱁⱄⱅⰻⰲⱏⰻ|milostivъjь||||0|1|||||0||||adj_hard|||
67094|еи|ⰵⰻ|????||||0|0||yea|||0|||||||
60009|б҃же|ⰱ҃ⰶⰵ|bože||||0|0|||||0||||masc_o|||
73281|рачи|ⱃⰰⱍⰻ|rači||||0|0||desire, wish for, want||Derksen 2008 p.431-2 gives Ru. dial. рачить, Pol. raczyć as cognates, and cites the Lexikon Indogermanischer Verben's theory of this being a lengthened o-grade of the *rek- root in решти etc.|0||||40|||
58807|ми|ⰿⰻ|mi||||0|0|||||0||||azъ|||
65205|помощи|ⱂⱁⰿⱁⱋⰻ|pomoћi||||0|0|||pomogti||0||||11|||
58814|твоемѹ|ⱅⰲⱁⰵⰿⱆ|tvojemu||||0|0|||||0||||pron_soft|||
59499|рабѹ|ⱃⰰⰱⱆ|orbu||||0|0|||||0||||masc_o|||
58769|тъі|ⱅⱏⰹ|ty||||0|0|||||0||||ty|||
58827|единъ|ⰵⰴⰻⱀⱏ|jedinъ|||jedьn|0|0|||||0||||pron_hard|||
59476|вѣси|ⰲⱑⱄⰻ|věsi||||0|0|||||0||||wote|||
58858|г҃і|ⰳ҃ⰹ|gospodi||||0|0|||||0||||masc_i|||
66432|какъі|ⰽⰰⰽⱏⰹ|kaky||||0|0|||||0||||pron_hard|||
58929|моѩ|ⰿⱁⱗ|moję||||0|0|||||0||||pron_soft|||
58773|сѫтъ|ⱄⱘⱅⱏ|sǫtъ||||0|0|||||0||||byti|||
69007|бѣдъі|ⰱⱑⰴⱏⰹ|bědy||||0|0|||||0||||fem_a|||
58774|вь|ⰲⱐ|vъ||||0|0|||||0|||||||
58814|твоѭ|ⱅⰲⱁⱙ|tvojǫ||||0|0|||||0||||pron_soft|||
67655|ми҃лсть|ⰿⰻ҃ⰾⱄⱅⱐ|milostь||||0|0|||||0||||fem_i|||
64393|прѣдаѭ|ⱂⱃⱑⰴⰰⱙ|perdajǫ||||0|0|||||0||||53|||
58807|азъ|ⰰⰸⱏ|azъ||||0|0|||||0||||azъ|||
58929|мое|ⰿⱁⰵ|moje||||0|0|||||0||||pron_soft|||
58805|ср҃це|ⱄⱃ҃ⱌⰵ|sŕ̥dьke|sŕ̥dьko|||0|0|||||0||||nt_o_PV3|||
58771|і|ⰹ|i||||0|0|||||0|||||||
58929|моѭ|ⰿⱁⱙ|mojǫ||||0|0|||||0||||pron_soft|||
60301|мъісль|ⰿⱏⰹⱄⰾⱐ|myslь||||0|0|||||0||||fem_i|||
58771|і|ⰹ|i||||0|0|||||0|||||||
58929|моѭ|ⰿⱁⱙ|mojǫ||||0|0|||||0||||pron_soft|||
66231|любовь|ⰾⱓⰱⱁⰲⱐ|ĺubъvь||||0|0|||ljubъvь||0||||fem_uu|||
58771|і|ⰹ|i||||0|0|||||0|||||||
58929|мои|ⰿⱁⰻ|mojь||||0|0|||||0||||pron_soft|||
65425|животъ|ⰶⰻⰲⱁⱅⱏ|životъ||||0|0|||||0||||masc_o|||
58771|і|ⰹ|i||||0|0|||||0|||||||
58929|моѩ|ⰿⱁⱗ|moję||||0|0|||||0||||pron_soft|||
58872|грѣхъі|ⰳⱃⱑⱈⱏⰹ|grěxy||||0|0|||||0||||masc_o|||
137411|отъложи|ⱁⱅⱏⰾⱁⰶⰻ|otъloži||||0|0|||||0||||40|||
58929|моѣ|ⰿⱁⱑ|mojǞ||||0|0|||||0||||pron_soft|||
58855|словеса|ⱄⰾⱁⰲⰵⱄⰰ|slovesa||||0|0|||||0||||nt_S|||
58771|і|ⰹ|i||||0|0|||||0|||||||
58929|мое|ⰿⱁⰵ|moje||||0|0|||||0||||pron_soft|||
64813|дѣло|ⰴⱑⰾⱁ|dělo||||0|0|||||0||||nt_o_S|||
149740|оконьчаи|ⱁⰽⱁⱀⱐⱍⰰⰻ|okonьčǞji||||0|0|||||0||||54|||
58858|г҃і|ⰳ҃ⰹ|gospodi||||0|0|||||0||||masc_i|||
58771|і|ⰹ|i||||0|0|||||0|||||||
58814|твоѭ|ⱅⰲⱁⱙ|tvojǫ||||0|0|||||0||||pron_soft|||
67655|мил҃сть|ⰿⰻⰾ҃ⱄⱅⱐ|milostь||||0|0|||||0||||fem_i|||
58774|въ|ⰲⱏ|vъ||||0|0|||||0|||||||
58807|мнѣ|ⰿⱀⱑ|mъně||||0|0|||||0||||azъ|||
65090|грѣшънѣ|ⰳⱃⱑⱎⱏⱀⱑ|grěšьně||||0|0|||||0||||adj_hard|||
59499|рабѣ|ⱃⰰⰱⱑ|orbě||||0|0|||||0||||masc_o|||
58814|твоимь|ⱅⰲⱁⰻⰿⱐ|tvojemь||||0|0|||||0||||pron_soft|||
65102|ави|ⰰⰲⰻ|avi||||0|0|||||0||||40|||
58771|і|ⰹ|i||||0|0|||||0|||||||
66370|избави|ⰻⰸⰱⰰⰲⰻ|jьzbavi||||0|0|||||0||||40|||
58807|мѧ|ⰿⱔ|mę||||0|0|||||0||||azъ|||
58858|г҃і|ⰳ҃ⰹ|gospodi||||0|0|||||0||||masc_i|||
58785|отъ|ⱁⱅⱏ|otъ||||0|0|||||0|||||||
58821|всего|ⰲⱄⰵⰳⱁ|vьxego|vьxogo|||0|0|||||0||||vьxь|||
66277|зъла|ⰸⱏⰾⰰ|zъla||||0|0|||||0||||adj_hard|||
64687|нъінѣ|ⱀⱏⰹⱀⱑ|nyně|||nyńǞ|0|0||||See essja p.59-60; apparently cognate with Lith.  nunai, and the final -ně with Gk. nai. The frequent occurence of the palatalisation diacritic and <ꙗ> in Cyr. mss. is a big problem.|0|||||||
58771|и|ⰻ|i||||0|0|||||0|||||||
65737|присно|ⱂⱃⰻⱄⱀⱁ|prisno||||0|0||for eternity, ever|||0|||||||
58771|и|ⰻ|i||||0|0|||||0|||||||
58774|вь|ⰲⱐ|vъ||||0|0|||||0|||||||
59093|вѣкъі|ⰲⱑⰽⱏⰹ|věky||||0|0|||||0||||masc_o|||
59093|вѣком|ⰲⱑⰽⱁⰿ|věkomъ||||0|0|||||0||||masc_o|||
