form,lemma,id,lemma_id,sentence_id,pos,morphology
мол,молитва,2344162,59126,220100,Nb,-s---fn--i
егда,ѥгда,2344163,66511,220100,Dq,---------n
хотѧще,хотѣти,2344164,64035,220100,V-,-pppamn-si
виноградъ,виноградъ,2344165,59493,220100,Nb,-s---ma--i
садити,садити,2344166,66861,220100,V-,--pna----i
Тꙑ,тꙑ,2344167,58769,220101,Pp,2s---mn--i
еси,бꙑти,2344168,58773,220101,V-,2spia----i
х҃е,христ(ос)ъ,2344169,64943,220101,Ne,-s---mv--i
виноградъ,виноградъ,2344170,59493,220101,Nb,-s---mn--i
истинънꙑи,истиньнъ,2344171,59924,220101,A-,-s---mnpwi
і,и,2344172,58771,220101,C-,---------n
оц҃ь,отьць,2344173,58993,220101,Nb,-s---mn--i
твои,твои,2344174,58814,220101,Ps,2s---mn--i
дѣлатель,дѣлатель,2344175,67038,220101,Nb,-s---mn--i
есть,бꙑти,2344176,58773,220101,V-,3spia----i
тꙑ,тꙑ,2344177,58769,220102,Pp,2s---mn--i
своѩ҃,свои,2344178,58780,220102,Pt,3p---ma--i
апл҃ꙑ,апостолъ,2344179,66565,220102,Nb,-p---ma--i
лозие,лозиѥ,2344180,150572,220102,Nb,-s---na--i
нареклъ,нарещи,2344181,59127,220102,V-,-sspamn-si
еси,бꙑти,2344182,58773,220102,V-,2spia----i
тꙑ,тꙑ,2344183,58769,220103,Pp,2s---mn--i
ил҃ѣ,издраиль,2344184,60283,220103,Ne,-s---mg--i
отъ,отъ,2344185,58785,220103,R-,---------n
еꙉюпта,егѵпьтъ,2344186,83952,220103,Ne,-s---mg--i
прѣнесе,прѣнести,2344187,125638,220103,V-,2saia----i
и,и,2344188,58771,220103,C-,---------n
изгъна,изгънати,2344189,60252,220103,V-,2saia----i
ѩзꙑкꙑ,ѩзꙑкъ,2344190,59128,220103,Nb,-p---ma--i
и,и,2344191,58771,220103,C-,---------n
насади,насадити,2344192,59494,220103,V-,2saia----i
ѩ,и,2344193,58765,220103,Pp,3p---ma--i
такожде,такожде,2344194,60062,220104,Df,---------n
и,и,2344195,58901,220104,Df,---------n
нꙑнѣ,нꙑнѣ,2344196,64687,220104,Df,---------n
призьри,призьрѣти,2344197,67620,220104,V-,2spma----i
на,на,2344198,58783,220104,R-,---------n
виноградъ,виноградъ,2344199,59493,220104,Nb,-s---ma--i
съ,сь,2344200,59234,220104,Pd,-s---ma--i
і,и,2344201,58771,220105,C-,---------n
насади,насадити,2344202,59494,220105,V-,2spma----i
и,и,2344203,58765,220105,Pp,3s---ma--i
і,и,2344204,58771,220105,C-,---------n
оукорени,оукоренити,2344205,150573,220105,V-,2spma----i
и,и,2344206,58765,220105,Pp,3s---ma--i
і,и,2344207,58771,220106,C-,---------n
оуглѫби,оуглѫбити,2344208,69870,220106,V-,2spma----i
мл҃сть,милость,2344209,67655,220106,Nb,-s---fa--i
твоѭ,твои,2344210,58814,220106,Ps,2s---fa--i
на,на,2344211,58783,220106,R-,---------n
нь,и,2344212,58765,220106,Pp,3s---ma--i
огради,оградити,2344213,59495,220203,V-,2spma----i
и,и,2344214,58765,220203,Pp,3s---ma--i
острогомь,острогъ,2344215,68965,220203,Nb,-s---mi--i
въходꙑ,въходъ,2344216,119821,220204,Nb,-p---ma--i
и,и,2344217,58771,220204,C-,---------n
исходꙑ,исходъ,2344218,68532,220204,Nb,-p---ma--i
его,и,2344220,58765,220204,Pp,3s---mg--i
ізбави,избавити,2344221,66370,220204,V-,2spma----i
отъ,отъ,2344222,58785,220204,R-,---------n
снѣга,снѣгъ,2344223,65098,220204,Nb,-s---mg--i
і,и,2344224,58771,220204,C-,---------n
отъ,отъ,2344225,58785,220204,R-,---------n
мраза,мразъ,2344226,83964,220204,Nb,-s---mg--i
і,и,2344227,58771,220204,C-,---------n
отъ,отъ,2344228,58785,220204,R-,---------n
града,градъ,2344229,150574,220204,Nb,-s---mg--i
носима,носити,2344230,64270,220204,V-,-spppmg-si
боуреѭ,боурꙗ,2344231,66787,220204,Nb,-s---fi--i
вш,възглашениѥ,2344232,150575,220109,Nb,-s---nn--i
Ѣко,ꙗко,2344233,72150,220205,Df,---------n
милостивꙑ,милостивъ,2344234,67983,220205,A-,-s---mnpwi
ч҃клюбець,чловѣколюбьць,2344235,133864,220205,Nb,-s---mn--i
б҃ъ,богъ,2344236,60009,220205,Nb,-s---mn--i
еси,бꙑти,2344237,58773,220205,V-,2spia----i
і,и,2344238,58771,220205,C-,---------n
тебѣ,тꙑ,2344239,58769,220205,Pp,2s---md--i
мол,молитва,2344240,59126,220110,Nb,-s---fn--i
на,на,2344241,58783,220110,R-,---------n
гроздъми,гроздъ,2344242,67986,220110,Nb,-p---mi--i
вина,вино,2344243,67466,220110,Nb,-s---ng--i
на,на,2344244,58783,220110,R-,---------n
имание,иманиѥ,2344245,137485,220110,Nb,-s---na--i
Бж҃е,богъ,2344246,60009,220111,Nb,-s---mv--i
сп҃е,съпасъ,2344247,67649,220111,Nb,-s---mv--i
нашъ,нашь,2344248,58994,220111,Ps,1s---mn--i
ізволеи,изволити,2344249,67592,220111,V-,-supamn-wi
нарещи,нарещи,2344250,59127,220111,V-,--pna----i
сѧ,себе,2344251,58829,220111,Pk,3s---qa--i
виноградомъ,виноградъ,2344252,59493,220111,Nb,-s---mi--i
единочѧдааго,ѥдиночѧдъ,2344253,151283,220111,A-,-s---mgpwi
сн҃а,сꙑнъ,2344254,146309,220111,Nb,-s---mg--i
твоего,твои,2344255,58814,220111,Ps,2s---mg--i
і,и,2344256,58771,220111,C-,---------n
б҃а,богъ,2344257,60009,220111,Nb,-s---mg--i
г҃а,господь,2344258,58858,220111,Nb,-s---mg--i
нашего,нашь,2344259,58994,220111,Ps,1s---mg--i
ис,исоусъ,2344260,58917,220111,Ne,-s---mg--i
х҃а,христ(ос)ъ,2344890,64943,220111,Ne,-s---mg--i
і,и,2344261,58771,222509,C-,---------n
плодъ,плодъ,2344262,59095,222509,Nb,-s---ma--i
бесъмрътенъ,бесъмрьтьнъ,2344263,79971,222509,A-,-s---mapsi
даровавъ,даровати,2344264,68007,222509,V-,-supamn-si
намъ,мꙑ,2344265,59257,222509,Pp,1p---pd--i
імь,и,2344266,58765,222509,Pp,3s---mi--i
тꙑ,тꙑ,2344267,58769,222509,Pp,2s---mn--i
плодо,плодъ,2344268,59095,222509,Nb,-s---ma--i
сь,сь,2344897,59234,222509,Pd,-s---ma--i
винънꙑ,виньнъ,2344269,83004,222509,A-,-s---mapwi
бл҃гви,благословити,2344270,59043,222509,V-,2spma----i
мо҃лтвами,молитва,2344271,59126,222509,Nb,-p---fi--i
ст҃ꙑѩ,свѧтъ,2344272,58910,222509,A-,-s---fgpwi
бр҃цѧ,богородица,2344273,118402,222509,Nb,-s---fg--i
і,и,2344274,58771,222509,C-,---------n
всѣхъ,вьсь,2344275,58821,222509,Px,-p---pg--i
ст҃ꙑхъ,свѧтъ,2344276,58910,222509,A-,-p---pgpwi
твоихъ,твои,2344277,58814,222509,Ps,2p---pg--i
оугождьшиихъ,оугодити,2344278,66506,222509,V-,-pupapg-wi
тебѣ,тꙑ,2344279,58769,222509,Pp,2s---md--i
отъ,отъ,2344280,58785,222509,R-,---------n
вѣка,вѣкъ,2344281,59093,222509,Nb,-s---mg--i
вш,възглашениѥ,2344282,150575,220118,Nb,-s---nn--i
благодѣтиѭ,благодѣть,2344283,73292,220207,Nb,-s---fi--i
и,и,2344284,58771,220207,C-,---------n
щедротами,щедрота,2344285,122818,220207,Nb,-p---fi--i
единочѧдааго,ѥдиночѧдъ,2344286,151283,220207,A-,-s---mgpwi
сн҃а,сꙑнъ,2344287,146309,220207,Nb,-s---mg--i
мол,молитва,2344288,59126,220120,Nb,-s---fn--i
начѧтью,начѧтиѥ,2344289,139708,220120,Nb,-s---nd--i
виноу,вино,2344290,67466,220120,Nb,-s---nd--i
кꙑсѣлоу,кꙑсѣлъ,2344291,150576,220120,A-,-s---ndpsi
Гі҃,господь,2344292,58858,220121,Nb,-s---mv--i
ис,исоусъ,2344293,58917,220121,Ne,-s---mv--i
х҃е,христ(ос)ъ,2344903,64943,220121,Ne,-s---mv--i
бж҃е,богъ,2344294,60009,220121,Nb,-s---mv--i
нашъ,нашь,2344295,58994,220121,Ps,1s---mn--i
прѣложеи,приложити,2344296,66492,220121,V-,-supamn-wi
водѫ,вода,2344297,58907,220121,Nb,-s---fa--i
въ,въ,2344298,58774,220121,R-,---------n
вино,вино,2344299,67466,220121,Nb,-s---na--i
въ,въ,2344300,58774,220121,R-,---------n
кана-галилѣискꙑхъ,кана-галилеискъ,2344301,150577,220121,A-,-p---mlpwi
брацѣхъ,бракъ,2344302,67366,220121,Nb,-p---ml--i
і,и,2344303,58771,220121,C-,---------n
славѫ,слава,2344304,64748,220121,Nb,-s---fa--i
своѭ,свои,2344305,58780,220121,Pt,3s---fa--i
авль,авити,2344306,65102,220121,V-,-supamn-si
оученикомъ,оученикъ,2344307,59097,220121,Nb,-p---md--i
своимъ,свои,2344308,58780,220121,Pt,3p---md--i
тꙑ,тꙑ,2344309,58769,220121,Pp,2s---mn--i
и,и,2344310,58901,220121,Df,---------n
нꙑнѣ,нꙑнѣ,2344311,64687,220121,Df,---------n
посѣти,посѣтити,2344312,68006,220121,V-,2spma----i
отъ,отъ,2344313,58785,220121,R-,---------n
стааго,свѧтъ,2344314,58910,220121,A-,-s---ngpwi
жилища,жилище,2344315,59408,220121,Nb,-s---ng--i
своего,свои,2344316,58780,220121,Pt,3s---ng--i
і,и,2344317,58771,220121,C-,---------n
бг҃ви,благословити,2344318,59043,220121,V-,2spma----i
вино,вино,2344319,67466,220121,Nb,-s---na--i
се,сь,2344320,59234,220121,Pd,-s---na--i
і,и,2344321,58771,220125,C-,---------n
сътвори,сътворити,2344322,58795,220125,V-,2spma----i
е,и,2344323,58765,220125,Pp,3s---na--i
во,въ,2344324,58774,220125,R-,---------n
всѣко,вьсꙗкъ,2344325,65732,220125,A-,-s---napsi
благо,благъ,2344326,65623,220125,A-,-s---napsi
растворение,растворѥниѥ,2344327,150579,220125,Nb,-s---na--i
пиѭщиимъ,пити,2344328,65114,220125,V-,-pppamd-wi
Да,да,2344329,58766,220125,G-,---------n
без,без,2344330,66295,220125,R-,---------n
всѣкоѩ,вьсꙗкъ,2344331,65732,220125,A-,-s---fgpwi
неприѣзнинꙑ,неприꙗзнинъ,2344332,69224,220125,A-,-s---fgpsi
дѣтѣли,дѣтѣль,2344333,84008,220125,Nb,-s---fg--i
пиѭще,пити,2344334,65114,220125,V-,-pppamn-si
е,и,2344335,58765,220125,Pp,3s---na--i
славимъ,славити,2344336,64508,220125,V-,1ppia----i
тѧ,тꙑ,2344337,58769,220125,Pp,2s---ma--i
дателѣ,датель,2344338,131663,220125,Nb,-s---mg--i
всемоу,вьсь,2344339,58821,220125,Px,-s---nd--i
доброу,добръ,2344340,64420,220125,A-,-s---ndpsi
приношенью,приношениѥ,2344341,84471,220125,Nb,-s---nd--i
оц҃а,отьць,2344342,58993,220125,Nb,-s---mg--i
и,и,2344343,58771,220125,C-,---------n
сн҃а,сꙑнъ,2344344,146309,220125,Nb,-s---mg--i
и,и,2344345,58771,220125,C-,---------n
с,свѧтъ,2344346,58910,220125,A-,---------n
мол,молитва,2344347,59126,220129,Nb,-s---fn--i
благ҃вение,благословлѥниѥ,2344348,137285,220129,Nb,-s---nn--i
домоу,домъ,2344349,59745,220129,Nb,-s---md--i
и,и,2344350,58771,220129,C-,---------n
храмоу,храмъ,2344351,59125,220129,Nb,-s---md--i
Бж҃е,богъ,2344352,60009,220130,Nb,-s---mv--i
сп҃телю,съпаситель,2344353,83831,220130,Nb,-s---mv--i
нашъ,нашь,2344354,58994,220130,Ps,1s---mn--i
съподоблеи,съподобити,2344355,68983,220130,V-,-supamn-wi
подъ,подъ,2344356,64426,220130,R-,---------n
кровъ,кровъ,2344357,64411,220130,Nb,-s---ma--i
закьхеовъ,закьхеовъ,2344358,150580,220130,A-,-s---mapsi
вьнити,вънити,2344359,59000,220130,V-,--pna----i
сп҃ение,съпасениѥ,2344360,67717,220130,Nb,-s---na--i
емоу,и,2344361,58765,220130,Pp,3s---md--i
і,и,2344362,58771,220130,C-,---------n
всемоу,вьсь,2344363,58821,220130,Px,-s---md--i
домови,домъ,2344364,59745,220130,Nb,-s---md--i
его,и,2344365,58765,220130,Pp,3s---mg--i
бꙑти,бꙑти,2344366,58773,220130,V-,--pna----i
по,по,2344367,58960,220130,R-,---------n
твоемоу,твои,2344368,58814,220130,Ps,2s---md--i
прѣчистоумоу,прѣчистъ,2344369,79720,220130,A-,-s---mdpwi
і,и,2344370,58771,220130,C-,---------n
бесъмрътъноумоу,бесъмрьтьнъ,2344371,79971,220130,A-,-s---mdpwi
гласоу,гласъ,2344372,58926,220130,Nb,-s---md--i
іже,иже,2344373,58800,220130,Pr,-s---mn--i
отъ,отъ,2344374,58785,220130,R-,---------n
евѣ҃листъ,евангелистъ,2344375,84633,220130,Nb,-p---mg--i
вселенѣи,въселѥнаꙗ,2344376,67794,220130,Nb,-s---fd--i
въ,въ,2344377,58774,220130,R-,---------n
истинѫ,истина,2344378,59928,220130,Nb,-s---fa--i
проповѣда,проповѣдати,2344379,58868,220130,V-,3saia----i
сѧ,себе,2344380,58829,220130,Pk,3s---qa--i
тꙑ,тꙑ,2344381,58769,220130,Pp,2s---mn--i
и,и,2344382,58901,220130,Df,---------n
нꙑнѣ,нꙑнѣ,2344383,64687,220130,Df,---------n
хотѧшѧѩ,хотѣти,2344384,64035,220130,V-,-pppama-wi
сьде,сьде,2344385,64123,220130,Df,---------n
жити,жити,2344386,67386,220130,V-,--pna----i
нами,мꙑ,2344387,59257,220130,Pp,1p---pi--i
і,и,2344388,58771,220130,C-,---------n
сими,сь,2344389,59234,220130,Pd,-p---pi--i
съмѣренꙑми,съмѣрѥнъ,2344390,67660,220130,A-,-p---pipwi
і,и,2344391,58771,220130,C-,---------n
грѣшънꙑми,грѣшьнъ,2344392,65090,220130,A-,-p---pipwi
мол(и)твꙑ,молитва,2344393,59126,220130,Nb,-p---fa--i
приносѧшѧѩ,приносити,2344394,60229,220130,V-,-pppama-wi
бл҃гви,благословити,2344395,59043,220130,V-,2spma----i
і,и,2344396,58771,220130,C-,---------n
прослави,прославити,2344397,66331,220130,V-,2spma----i
бес,без,2344398,66295,220130,R-,---------n
пакости,пакость,2344909,69629,220130,Nb,-s---fg--i
і,и,2344399,58771,220130,C-,---------n
врѣждениѣ,врѣждениѥ,2344400,150581,220130,Nb,-s---ng--i
всего,вьсь,2344401,58821,220130,Px,-s---ng--i
житиѣ,житиѥ,2344402,64116,220130,Nb,-s---ng--i
въ,въ,2344403,58774,220130,R-,---------n
храмѣ,храмъ,2344404,59125,220130,Nb,-s---ml--i
семь,сь,2344405,59234,220130,Pd,-s---ml--i
авлѣѩ,авлꙗти,2344406,66191,220130,V-,-sppamn-si
имъ,и,2344407,58765,220130,Pp,3p---pd--i
твоими,твои,2344408,58814,220130,Ps,2p---mi--i
благꙑми,благъ,2344409,65623,220130,A-,-p---mipwi
даръми,даръ,2344410,66841,220130,Nb,-p---mi--i
земънꙑми,земьнъ,2344411,66254,220130,A-,-p---mipwi
і,и,2344412,58771,220130,C-,---------n
неб҃сънꙑми,небесьнъ,2344413,79134,220130,A-,-p---mipwi
вш,възглашениѥ,2344414,150575,220140,Nb,-s---nn--i
Ѣво,FIXME,2344415,85807,220208,Nb,-s---fv--i
подобает,подобати,2344416,64241,220208,V-,3spia----i
ти,тꙑ,2344417,58769,220208,Pp,2s---md--i
всѣ,вьсь,2344418,58821,220208,Px,-s---fn--i
слава,слава,2344419,64748,220208,Nb,-s---fn--i
оц҃а,отьць,2344420,58993,220208,Nb,-s---mg--i
и,и,2344421,58771,220208,C-,---------n
сн҃а,сꙑнъ,2344422,146309,220208,Nb,-s---mg--i
і,и,2344423,58771,220208,C-,---------n
ст҃ааго,свѧтъ,2344424,58910,220208,A-,-s---mgpwi
мол,молитва,2344425,59126,220143,Nb,-s---fn--i
над,надъ,2344426,67778,220143,R-,---------n
всѣцѣмь,вьсꙗкъ,2344427,65732,220143,A-,-s---nipwi
стадомь,стадо,2344428,59252,220143,Nb,-s---ni--i
Вл҃ко,владꙑка,2344429,67715,220144,Nb,-s---mv--i
г҃і,господь,2344430,58858,220144,Nb,-s---mv--i
бж҃е,богъ,2344431,60009,220144,Nb,-s---mv--i
нашъ,нашь,2344432,58994,220144,Ps,1s---mn--i
вседръжителю,вьседрьжитель,2344433,81169,220144,Nb,-s---mv--i
істинънꙑ,истиньнъ,2344434,59924,220144,A-,-s---mnpwi
агньче,агньць,2344435,68609,220144,Nb,-s---mv--i
въземлѧи,възимати,2344436,68954,220144,V-,-sppamn-wi
грѣхꙑ,грѣхъ,2344437,58872,220144,Nb,-p---ma--i
всего,вьсь,2344438,58821,220144,Px,-s---mg--i
мира,миръ,2344439,64975,220144,Nb,-s---mg--i
не,не,2344440,58767,220144,Df,---------n
прѣзьри,прѣзьрѣти,2344441,83523,220144,V-,2spma----i
д҃шъ,доуша,2344442,60303,220144,Nb,-p---fg--i
молѧщь,молити,2344443,59248,220144,V-,-pppafg-si
сѧ,себе,2344444,58829,220144,Pk,3s---qa--i
тебѣ,тꙑ,2344445,58769,220144,Pp,2s---md--i
чклюбче,чловѣколюбьць,2344446,133864,220209,Nb,-s---mv--i
къ,къ,2344447,58898,220209,R-,---------n
тебѣ,тꙑ,2344448,58769,220209,Pp,2s---md--i
прибѣгаемъ,прибѣгати,2344449,84532,220209,V-,1ppia----i
и,и,2344450,58771,220210,C-,---------n
тебѣ,тꙑ,2344451,58769,220210,Pp,2s---md--i
сѧ,себе,2344452,58829,220210,Pk,3s---qa--i
молимъ,молити,2344453,59248,220210,V-,1ppia----i
ізволеи,изволити,2344454,67592,220212,V-,-supamn-wi
вѣчьнааго,вѣчьнъ,2344455,65624,220212,A-,-s---mgpwi
своего,свои,2344456,58780,220212,Pt,3s---mg--i
иѣкова,иꙗковъ,2344457,59057,220212,Ne,-s---mg--i
і,и,2344458,58771,220212,C-,---------n
оумъножь,оумъножити,2344459,122529,220212,V-,-supamn-si
его,и,2344460,58765,220212,Pp,3s---mg--i
стада,стадо,2344461,59252,220212,Nb,-s---na--i
і,и,2344462,58771,220212,C-,---------n
избавивъ,избавити,2344463,66370,220212,V-,-supamn-si
і,и,2344464,58765,220212,Pp,3s---ma--i
отъ,отъ,2344465,58785,220212,R-,---------n
рѫкꙑ,рѫка,2344466,58831,220212,Nb,-s---fg--i
исаавовꙑ,исаавовъ,2344467,83962,220212,A-,-s---fgpsi
і,и,2344468,58771,220212,C-,---------n
отъ,отъ,2344469,58785,220212,R-,---------n
лаваановꙑ,лаваановъ,2344470,150582,220212,A-,-s---fgpsi
і,и,2344471,58901,220212,Df,---------n
нꙑнѣ,нꙑнѣ,2344472,64687,220212,Df,---------n
изволи,изволити,2344473,67592,220212,V-,2spma----i
і,и,2344474,58771,220212,C-,---------n
б҃лгви,благословити,2344475,59043,220212,V-,2spma----i
стадо,стадо,2344476,59252,220212,Nb,-s---na--i
се,сь,2344477,59234,220212,Pd,-s---na--i
і,и,2344478,58771,220213,C-,---------n
оумъножи,оумъножити,2344479,122529,220213,V-,2spma----i
е,и,2344480,58765,220213,Pp,3s---na--i
на,на,2344481,58783,220213,R-,---------n
тꙑсѧщѧ,тꙑсѧщи,2344482,147004,220213,Nb,-p---fa--i
и,и,2344483,58771,220213,C-,---------n
на,на,2344484,58783,220213,R-,---------n
тъмꙑ,тъма,2344485,81628,220213,Nb,-p---fa--i
і,и,2344486,58771,220150,C-,---------n
избави,избавити,2344487,66370,220150,V-,2spma----i
нꙑ,мꙑ,2344488,59257,220150,Pp,1p---pa--i
и,и,2344489,58771,220150,C-,---------n
се,се,2344490,59292,220150,I-,---------n
отъ,отъ,2344491,58785,220150,R-,---------n
насильѣ,насилиѥ,2344492,82820,220150,Nb,-s---ng--i
иноплеменьникъ,иноплеменьникъ,2344493,68881,220150,Nb,-p---mg--i
і,и,2344494,58771,220150,C-,---------n
отъ,отъ,2344495,58785,220150,R-,---------n
всего,вьсь,2344496,58821,220150,Px,-s---mg--i
часа,часъ,2344497,59077,220150,Nb,-s---mg--i
съмрътънааго,съмрьтьнъ,2344498,65966,220150,A-,-s---mgpwi
съблюди,съблюсти,2344499,64170,220151,V-,2spma----i
е,и,2344500,58765,220151,Pp,3s---na--i
с҃тꙑми,свѧтъ,2344501,58910,220151,A-,-p---mipwi
аѣлꙑ,ангелъ,2344502,59019,220151,Nb,-p---mi--i
своими,свои,2344503,58780,220151,Pt,3p---mi--i
і,и,2344504,58771,220152,C-,---------n
съподоби,съподобити,2344505,68983,220152,V-,2spma----i
сътѧжавъшаго,сътѧжати,2344506,73481,220152,V-,-supamg-wi
е,и,2344507,58765,220152,Pp,3s---na--i
незавидьливомъ,незавидьливъ,2344508,150583,220152,A-,-s---nipsi
окомь,око,2344509,58813,220152,Nb,-s---ni--i
наслаждати,наслаждати,2344510,81215,220152,V-,--pna----i
сѧ,себе,2344511,58829,220152,Pk,3s---qa--i
отъ,отъ,2344512,58785,220152,R-,---------n
него,и,2344513,58765,220152,Pp,3s---ng--i
хвалѫ,хвала,2344514,65116,220152,Nb,-s---fa--i
тебѣ,тꙑ,2344515,58769,220152,Pp,2s---md--i
приносити,приносити,2344516,60229,220152,V-,--pna----i
вш,възглашениѥ,2344517,150575,220214,Nb,-s---nn--i
благодѣтиѭ,благодѣть,2344518,73292,220215,Nb,-s---fi--i
и,и,2344519,58771,220215,C-,---------n
щедротами,щедрота,2344520,122818,220215,Nb,-p---fi--i
единочѧдааго,ѥдьночѧдъ,2344521,79679,220215,A-,-s---mgpwi
мол,молитва,2344522,59126,220153,Nb,-s---fn--i
лѣжѭще,лещи,2344523,149648,220153,V-,-pppamn-si
на,на,2344524,58783,220153,R-,---------n
ложи,ложе,2344525,68612,220153,Nb,-s---nl--i
Ѡтиди,отити,2344526,59492,220216,V-,2spma----i
сотоно,сотона,2344527,59017,220216,Nb,-s---mv--i
отъ,отъ,2344528,58785,220216,R-,---------n
сихъ,сь,2344529,59234,220216,Pd,-p---fg--i
двьреи,двьрь,2344530,60232,220216,Nb,-p---fg--i
і,и,2344531,58771,220216,C-,---------n
отъ,отъ,2344532,58785,220216,R-,---------n
сихъ,сь,2344533,59234,220216,Pd,-p---mg--i
четꙑръ,четꙑрe,2344534,64273,220216,Ma,-p---mg--i
ѫголъ,ѫгълъ,2344535,59756,220216,Nb,-p---mg--i
съде,сьде,2344536,64123,220217,Df,---------n
тебѣ,тꙑ,2344537,58769,220217,Pp,2s---md--i
нѣстъ,не бꙑти,2344538,58890,220217,V-,3spia----i
мѣста,мѣсто,2344539,60263,220217,Nb,-s---ng--i
ни,ни,2344540,59213,220217,C-,---------n
причѧстнѣ,причѧстьнъ,2344541,150505,220217,A-,-s---mgpsi
сьде,сьде,2344542,64123,220155,Df,---------n
петръ,петръ,2344543,59281,220155,Ne,-s---mn--i
сьде,сьде,2344544,64123,220156,Df,---------n
павелъ,павьлъ,2344545,73098,220156,Ne,-s---mn--i
сьде,сьде,2344546,64123,220157,Df,---------n
с҃тое,свѧтъ,2344547,58910,220157,A-,-s---nnpwi
ев҃ѣлие,евангелиѥ,2344548,59036,220157,Nb,-s---nn--i
сьде,сьде,2344549,64123,220158,Df,---------n
азъ,азъ,2344550,58807,220158,Pp,1s---mn--i
покланѣвъ,покланꙗти,2344551,69245,220158,V-,-supamn-si
сѧ,себе,2344552,58829,220158,Pk,3s---qa--i
лещи,лещи,2344553,149648,220158,V-,--pna----i
хощѭ,хотѣти,2344554,64035,220158,V-,1spia----i
въ,въ,2344555,58774,220158,R-,---------n
имѧ,имѧ,2344556,58990,220158,Nb,-s---na--i
о҃ца,отьць,2344557,58993,220158,Nb,-s---mg--i
и,и,2344558,58771,220158,C-,---------n
ст҃ааго,свѧтъ,2344559,58910,220158,A-,-s---mgpwi
д҃ха,доухъ,2344560,58909,220158,Nb,-s---mg--i
нꙑнѣ,нꙑнѣ,2344561,64687,220158,Df,---------n
мол,молитва,2344562,59126,220161,Nb,-s---fn--i
б҃,дъва,2344563,59285,220161,Ma,---------n
томоужде,тъжде,2344564,66110,220161,Pd,-s---nd--i
Въ,въ,2344565,58774,220218,R-,---------n
имѧ,имѧ,2344566,58990,220218,Nb,-s---na--i
г҃а,господь,2344567,58858,220218,Nb,-s---mg--i
нашего,нашь,2344568,58994,220218,Ps,1s---mg--i
ис҃,исоусъ,2344569,58917,220218,Ne,-s---mg--i
ха,христ(ос)ъ,2344930,64943,220218,Ne,-s---mg--i
посъли,посълати,2344570,58932,220218,V-,2spma----i
въ,въ,2344571,58774,220218,R-,---------n
мѧ,азъ,2344572,58807,220218,Pp,1s---ma--i
ст҃ꙑи,свѧтъ,2344573,58910,220218,A-,-s---mapwi
твои,твои,2344574,58814,220218,Ps,2s---ma--i
д҃хъ,доухъ,2344575,58909,220218,Nb,-s---ma--i
і,и,2344576,58771,220163,C-,---------n
въложи,въложити,2344577,65923,220163,V-,2spma----i
оумъ,оумъ,2344578,69177,220163,Nb,-s---ma--i
въ,въ,2344579,58774,220163,R-,---------n
ср҃це,срьдьце,2344580,58805,220163,Nb,-s---na--i
мое,мои,2344581,58929,220163,Ps,1s---na--i
с҃тааго,свѧтъ,2344582,58910,220163,A-,-s---mgpwi
твоего,твои,2344583,58814,220163,Ps,2s---mg--i
дх҃а,доухъ,2344584,58909,220163,Nb,-s---mg--i
хранѧща,хранити,2344585,66343,220163,V-,-sppamg-si
д҃шѫ,доуша,2344586,60303,220163,Nb,-s---fa--i
моѭ,мои,2344587,58929,220163,Ps,1s---fa--i
и,и,2344588,58771,220163,C-,---------n
тѣло,тѣло,2344589,58822,220163,Nb,-s---na--i
і,и,2344590,58771,220163,C-,---------n
всѧ,вьсь,2344591,58821,220163,Px,-p---ma--i
оудꙑ,оудъ,2344592,66248,220163,Nb,-p---ma--i
тѣлеси,тѣло,2344593,58822,220163,Nb,-s---ng--i
моего,мои,2344594,58929,220163,Ps,1s---ng--i
і,и,2344595,58771,220163,C-,---------n
всь,вьсь,2344596,58821,220163,Px,-s---ma--i
животъ,животъ,2344597,65425,220163,Nb,-s---ma--i
състава,съставъ,2344598,133777,220163,Nb,-s---mg--i
моего,мои,2344599,58929,220163,Ps,1s---mg--i
отъ,отъ,2344600,58785,220163,R-,---------n
всего,вьсь,2344601,58821,220163,Px,-s---mg--i
зълодѣѣ,зълодѣи,2344602,69095,220163,Nb,-s---mg--i
і,и,2344603,58771,220163,C-,---------n
отъ,отъ,2344604,58785,220163,R-,---------n
всѣкоѩ,вьсꙗкъ,2344605,65732,220163,A-,-s---fgpsi
сѣти,сѣть,2344606,69019,220163,Nb,-s---fg--i
неприѣзнинꙑ,неприꙗзнинъ,2344607,69224,220163,A-,-s---fgpsi
і,и,2344608,58771,220163,C-,---------n
отъ,отъ,2344609,58785,220163,R-,---------n
всѣхъ,вьсь,2344610,58821,220163,Px,-p---mg--i
съблазнъ,съблазнъ,2344611,67327,220163,Nb,-p---mg--i
грѣховънꙑхъ,грѣховьнъ,2344612,134396,220163,A-,-p---mgpwi
і,и,2344613,58771,220219,C-,---------n
наоучи,наоучити,2344614,66564,220219,V-,2spma----i
мѧ,азъ,2344615,58807,220219,Pp,1s---pa--i
тебѣ,тꙑ,2344616,58769,220219,Pp,2s---md--i
хвалꙑ,хвала,2344617,65116,220219,Nb,-p---fa--i
въсꙑлати,въсꙑлати,2344618,119680,220219,V-,--pna----i
о҃цю,отьць,2344619,58993,220219,Nb,-s---md--i
и,и,2344620,58771,220219,C-,---------n
сн҃оу,сꙑнъ,2344621,146309,220219,Nb,-s---md--i
и,и,2344622,58771,220219,C-,---------n
ст҃оумоу,свѧтъ,2344623,58910,220219,A-,-s---mdpwi
дхоу,доухъ,2344624,58909,220219,Nb,-s---md--i
и,и,2344625,58771,220170,C-,---------n
потом,потомь,2344626,80000,220170,Df,---------n
вьлѣзѣте,вълѣсти,2344627,64578,220170,V-,2ppma----i
вь,въ,2344628,58774,220170,R-,---------n
цр҃квь,црькꙑ,2344629,58999,220170,Nb,-s---fa--i
і,и,2344630,58771,220170,C-,---------n
падет,пасти,2344631,59251,220170,V-,2ppma----i
ниць,ниць,2344632,67330,220170,A-,-s---mnpsi
на,на,2344633,58783,220170,R-,---------n
земи,землꙗ,2344634,64341,220170,Nb,-s---fl--i
хотѧи,хотѣти,2344635,64035,220170,V-,-sppamn-wi
ісповѣдати,исповѣдати,2344636,65711,220170,V-,--pna----i
сѧ,себе,2344637,58829,220170,Pk,3s---qa--i
і,и,2344638,58771,220220,C-,---------n
глет,глаголати,2344639,58791,220220,V-,3spia----i
иереи,иѥреи,2344640,67474,220220,Nb,-s---mn--i
надъ,надъ,2344641,67778,220220,R-,---------n
нимь,и,2344642,58765,220220,Pp,3s---mi--i
молитвѫ,молитва,2344643,59126,220220,Nb,-s---fa--i
сиѭ,сь,2344644,59234,220220,Pd,-s---fa--i
Гі҃,господь,2344645,58858,220172,Nb,-s---mv--i
б҃же,богъ,2344646,60009,220172,Nb,-s---mv--i
всемогъи,вьсемогꙑ,2344647,136013,220172,A-,-s---mnpsi
тебѣ,тꙑ,2344648,58769,220172,Pp,2s---md--i
бѫдѫ,бꙑти,2344649,58773,220172,V-,1sfia----i
азъ,азъ,2344650,58807,220172,Pp,1s---mn--i
исповѣденъ,исповѣдьнъ,2344651,150584,220172,A-,-s---mnpsi
всѣхъ,вьсь,2344652,58821,220172,Px,-p---mg--i
моихъ,мои,2344653,58929,220172,Ps,1p---mg--i
грѣхъ,грѣхъ,2344654,58872,220172,Nb,-p---mg--i
і,и,2344655,58771,220172,C-,---------n
моего,мои,2344656,58929,220172,Ps,1s---ng--i
лиха,лихъ,2344657,64043,220172,A-,-s---ngpsi
сътворениѣ,сътворѥниѥ,2344658,122523,220172,Nb,-s---ng--i
сего,сь,2344659,59234,220172,Pd,-s---ng--i
еже,иже,2344660,58800,220172,Pr,-s---na--i
колижъдо,колижьдо,2344661,64974,220172,Df,---------n
изгл҃ахъ,изглаголати,2344662,79085,220172,V-,1saia----i
и,и,2344663,58771,220172,C-,---------n
лихо,лихо,2344664,65742,220172,Df,-------p-i
сътворихъ,сътворити,2344665,58795,220172,V-,1saia----i
і,и,2344666,58771,220172,C-,---------n
лихо,лихо,2344667,65742,220172,Df,-------p-i
мꙑслихъ,мꙑслити,2344668,59469,220172,V-,1saia----i
гл҃омь,глаголъ,2344669,65288,220172,Nb,-s---mi--i
ли,ли,2344670,64176,220172,C-,---------n
дѣломь,дѣло,2344671,64813,220172,Nb,-s---ni--i
ли,ли,2344672,64176,220172,C-,---------n
помꙑшлениемь,помꙑшлѥниѥ,2344673,64389,220172,Nb,-s---ni--i
всего,вьсь,2344674,58821,220172,Px,-s---ng--i
еже,иже,2344675,58800,220172,Pr,-s---na--i
азъ,азъ,2344676,58807,220172,Pp,1s---mn--i
помьнѭ,помьнѣти,2344677,64731,220172,V-,1spia----i
любо,любо,2344678,120659,220172,C-,---------n
не,не,2344679,58767,220172,Df,---------n
помьнѭ,помьнѣти,2344680,64731,220172,V-,1spia----i
ѣже,иже,2344681,58800,220172,Pr,-p---na--i
азъ,азъ,2344682,58807,220172,Pp,1s---mn--i
съгрѣшихъ,съгрѣшити,2344683,67443,220172,V-,1saia----i
любо,любо,2344684,120659,220172,C-,---------n
не,не,2344685,58767,220172,Df,---------n
съвѣдꙑ,съвѣдѣти,2344686,66200,220172,V-,-sppamn-si
нѫждеѭ,нѫжда,2344687,68751,220172,Nb,-s---fi--i
любо,любо,2344688,120659,220172,C-,---------n
ненѫждеѭ,ненѫжда,2344689,150585,220172,Nb,-s---fi--i
съпѧ,съпати,2344690,64847,220172,V-,-sppamn-si
ли,ли,2344691,64176,220172,C-,---------n
вьдѧ,видѣти,2344692,58918,220172,V-,-sppamn-si
лихо,лихо,2344693,65742,220172,Df,-------p-i
клѧтвꙑ,клѧтва,2344694,66271,220172,Nb,-s---fg--i
і,и,2344695,58771,220172,C-,---------n
лъжѧ,лъжа,2344696,66164,220172,Nb,-s---fg--i
і,и,2344697,58771,220172,C-,---------n
въ,въ,2344698,58774,220172,R-,---------n
помꙑшленьи,помꙑшлѥниѥ,2344699,64389,220172,Nb,-s---nl--i
неправедьнѣ,неправьдьнъ,2344700,66287,220172,A-,-s---nlpsi
поустоши,поустошь,2344701,150586,220172,Nb,-s---fg--i
і,и,2344702,58771,220172,C-,---------n
блѧди,блѧдь,2344703,73434,220172,Nb,-s---fg--i
ѣкоже,ꙗкоже,2344704,66347,220221,Df,---------n
азъ,азъ,2344705,58807,220221,Pp,1s---mn--i
колижъдо,колижьдо,2344706,64974,220221,Df,---------n
сътворихъ,сътворити,2344707,58795,220221,V-,1saia----i
і,и,2344708,58771,220221,C-,---------n
всѣ,вьсь,2344709,58821,220221,Px,-p---na--i
из,из,2344710,59088,220221,R-,---------n
лиха,лихъ,2344711,64043,220221,A-,-s---ngpsi
вь,въ,2344712,58774,220221,R-,---------n
ѣденьи,ꙗдѣниѥ,2344713,150587,220221,Nb,-s---nl--i
і,и,2344714,58771,220221,C-,---------n
вь,въ,2344715,58774,220221,R-,---------n
питьи,питиѥ,2344716,123825,220221,Nb,-s---nl--i
і,и,2344717,58771,220221,C-,---------n
въ,въ,2344718,58774,220221,R-,---------n
неправедьнѣмь,неправьдьнъ,2344719,66287,220221,A-,-s---nlpwi
съпаньи,съпаниѥ,2344720,150588,220221,Nb,-s---nl--i
молѭ,молити,2344721,59248,220185,V-,1spia----i
тѧ,тꙑ,2344722,58769,220185,Pp,2s---ma--i
г҃і,господь,2344723,58858,220185,Nb,-s---mv--i
б҃же,богъ,2344724,60009,220185,Nb,-s---mv--i
мои,мои,2344725,58929,220185,Ps,1s---mn--i
да,да,2344726,58766,220185,G-,---------n
тꙑ,тꙑ,2344727,58769,220185,Pp,2s---mn--i
ми,азъ,2344728,58807,220185,Pp,1s---md--i
рачилъ,рачити,2344729,73281,220185,V-,-sspamn-si
животъ,животъ,2344730,65425,220185,Nb,-s---ma--i
и,и,2344731,58771,220185,C-,---------n
милость,милость,2344732,67655,220185,Nb,-s---fa--i
подати,подати,2344733,66669,220185,V-,--pna----i
да,да,2344734,58766,220185,G-,---------n
и,и,2344735,58901,220185,Df,---------n
азъ,азъ,2344736,58807,220185,Pp,1s---mn--i
не,не,2344737,58767,220185,Df,---------n
посрамленъ,посрамити,2344738,80840,220185,V-,-suppma-si
прѣдъ,прѣдъ,2344739,58985,220185,R-,---------n
очима,око,2344740,58813,220185,Nb,-d---ni--i
твоима,твои,2344741,58814,220185,Ps,2d---ni--i
бѫдѫ,бꙑти,2344742,58773,220185,V-,1sfia----i
і,и,2344743,58771,220185,C-,---------n
да,да,2344744,58766,220185,G-,---------n
азъ,азъ,2344745,58807,220185,Pp,1s---mn--i
еще,ѥще,2344746,59543,220185,Df,---------n
на,на,2344747,58783,220185,R-,---------n
семь,сь,2344748,59234,220185,Pd,-s---ml--i
свѣтѣ,свѣтъ,2344749,70455,220185,Nb,-s---ml--i
моихъ,мои,2344750,58929,220185,Ps,1p---mg--i
грѣхъ,грѣхъ,2344751,58872,220185,Nb,-p---mg--i
покаѭ,покаꙗти,2344752,66322,220185,V-,1spia----i
сѧ,себе,2344753,58829,220185,Pk,3s---qa--i
і,и,2344754,58771,220185,C-,---------n
достоино,достоинъ,2344755,58891,220185,A-,-s---napsi
покаание,покаꙗниѥ,2344756,58870,220185,Nb,-s---na--i
имѣти,имѣти,2344757,59090,220185,V-,--pna----i
могѫ,мощи,2344758,59413,220185,V-,1spia----i
ѣкоже,ꙗкоже,2344759,59001,220185,G-,---------n
твоѩ,твои,2344760,58814,220185,Ps,2p---fn--i
щедротꙑ,щедрота,2344761,122818,220185,Nb,-p---fn--i
сѫтъ,бꙑти,2344762,58773,220185,V-,3ppia----i
всевлк҃о,вьсевеликъ,2344763,150589,220188,A-,-s---mvpsi
г҃і,господь,2344764,58858,220188,Nb,-s---mv--i
троице,троица,2344765,81589,220188,Nb,-s---fv--i
б҃же,богъ,2344766,60009,220188,Nb,-s---mv--i
всемогꙑ,вьсемогꙑ,2344767,136013,220188,A-,-s---mnpsi
бѫди,бꙑти,2344768,58773,220188,V-,2spma----i
ми,азъ,2344769,58807,220188,Pp,1s---md--i
помощьникъ,помощьникъ,2344770,80420,220188,Nb,-s---mn--i
і,и,2344771,58771,220188,C-,---------n
бѫди,бꙑти,2344772,58773,220188,V-,2spma----i
ми,азъ,2344773,58807,220188,Pp,1s---md--i
подавъи,подати,2344774,66669,220188,V-,-supamn-wi
силѫ,сила,2344775,60105,220188,Nb,-s---fa--i
і,и,2344776,58771,220188,C-,---------n
мѫдрость,мѫдрость,2344777,67609,220188,Nb,-s---fa--i
і,и,2344778,58771,220188,C-,---------n
правьденъ,правьдьнъ,2344779,66286,220188,A-,-s---mapsi
замꙑслъ,замꙑслъ,2344780,150590,220188,Nb,-s---ma--i
і,и,2344781,58771,220188,C-,---------n
добрѫ,добръ,2344782,64420,220188,A-,-s---fapsi
волѭ,волꙗ,2344783,66351,220188,Nb,-s---fa--i
съ,съ,2344784,58764,220188,R-,---------n
праведъноѭ,правьдьнъ,2344785,66286,220188,A-,-s---fipti
вѣроѭ,вѣра,2344786,59226,220188,Nb,-s---fi--i
на,на,2344787,58783,220188,R-,---------n
твоѭ,твои,2344788,58814,220188,Ps,2s---fa--i
слоужъбѫ,слоужьба,2344789,67618,220188,Nb,-s---fa--i
г҃і,господь,2344790,58858,220222,Nb,-s---mv--i
тꙑ,тꙑ,2344791,58769,220222,Pp,2s---mn--i
единъ,ѥдинъ,2344792,58827,220222,Ma,-s---mn--i
на,на,2344793,58783,220222,R-,---------n
съ,сь,2344794,59234,220222,Pd,-s---ma--i
свѣтъ,свѣтъ,2344795,70455,220222,Nb,-s---ma--i
приде,прити,2344796,58916,220222,V-,2saia----i
грѣшъникъ,грѣшьникъ,2344797,65555,220222,Nb,-p---mg--i
ізбавитъ,избавити,2344798,66370,220222,V-,---u--a--i
бѫди,бꙑти,2344799,58773,220191,V-,2spma----i
мѧ,азъ,2344800,58807,220191,Pp,1s---ma--i
с҃псъі,съпасти,2344801,150789,220191,V-,-supamn-wi
ізбави,избавити,2344803,66370,220224,V-,2spma----i
мѧ,азъ,2344804,58807,220224,Pp,1s---ma--i
г҃і,господь,2344805,58858,220224,Nb,-s---mv--i
б҃же,божии,2344806,59032,220224,A-,-s---mvpsi
с҃не,сꙑнъ,2344807,146309,220224,Nb,-s---mv--i
г҃і,господь,2344808,58858,220225,Nb,-s---mv--i
ѣкоже,ꙗкоже,2344809,59040,220225,Dq,---------n
тꙑ,тꙑ,2344810,58769,220225,Pp,2s---mn--i
хощеши,хотѣти,2344811,64035,220225,V-,2spia----i
ѣкоже,ꙗкоже,2344812,59040,220225,Dq,---------n
ти,тꙑ,2344813,58769,220225,Pp,2s---md--i
любо,любъ,2344814,82684,220225,A-,-s---nnpsi
сътвори,сътворити,2344815,58795,220225,V-,2spma----i
съ,съ,2344816,58764,220225,R-,---------n
мноѭ,азъ,2344817,58807,220225,Pp,1s---mi--i
рабомь,рабъ,2344818,59499,220225,Nb,-s---mi--i
твоимь,твои,2344819,58814,220225,Ps,2s---mi--i
милостивъи,милостивъ,2344820,67983,220225,A-,-s---mnpwi
еи,еи,2344821,67094,220226,I-,---------n
б҃же,богъ,2344822,60009,220226,Nb,-s---mv--i
рачи,рачити,2344823,73281,220226,V-,2spma----i
ми,азъ,2344824,58807,220226,Pp,1s---md--i
помощи,помощи,2344825,65205,220226,V-,--pna----i
твоемоу,твои,2344826,58814,220226,Ps,2s---md--i
рабоу,рабъ,2344827,59499,220226,Nb,-s---md--i
тꙑ,тꙑ,2344828,58769,220227,Pp,2s---mn--i
единъ,ѥдинъ,2344829,58827,220227,Ma,-s---mn--i
вѣси,вѣдѣти,2344830,59476,220227,V-,2spia----i
г҃і,господь,2344831,58858,220227,Nb,-s---mv--i
какꙑ,какъ,2344832,66432,220227,Pi,-p---fn--i
моѩ,мои,2344833,58929,220227,Ps,1p---fn--i
сѫтъ,бꙑти,2344834,58773,220227,V-,3ppia----i
бѣдꙑ,бѣда,2344835,69007,220227,Nb,-p---fn--i
вь,въ,2344836,58774,220195,R-,---------n
твоѭ,твои,2344837,58814,220195,Ps,2s---fa--i
ми҃лсть,милость,2344838,67655,220195,Nb,-s---fa--i
прѣдаѭ,прѣдаꙗти,2344839,64393,220195,V-,1spia----i
азъ,азъ,2344840,58807,220195,Pp,1s---mn--i
мое,мои,2344841,58929,220195,Ps,1s---na--i
ср҃це,срьдьце,2344842,58805,220195,Nb,-s---na--i
і,и,2344843,58771,220195,C-,---------n
моѭ,мои,2344844,58929,220195,Ps,1s---fa--i
мꙑсль,мꙑсль,2344845,60301,220195,Nb,-s---fa--i
і,и,2344846,58771,220195,C-,---------n
моѭ,мои,2344847,58929,220195,Ps,1s---fa--i
любовь,любꙑ,2344848,66231,220195,Nb,-s---fa--i
і,и,2344849,58771,220195,C-,---------n
мои,мои,2344850,58929,220195,Ps,1s---ma--i
животъ,животъ,2344851,65425,220195,Nb,-s---ma--i
і,и,2344852,58771,220195,C-,---------n
моѩ,мои,2344853,58929,220195,Ps,1p---ma--i
грѣхꙑ,грѣхъ,2344854,58872,220195,Nb,-p---ma--i
отъложи,отъложити,2344855,137411,220228,V-,2spma----i
моѣ,мои,2344856,58929,220228,Ps,1p---na--i
словеса,слово,2344857,58855,220228,Nb,-p---na--i
і,и,2344858,58771,220228,C-,---------n
мое,мои,2344859,58929,220228,Ps,1s---na--i
дѣло,дѣло,2344860,64813,220228,Nb,-s---na--i
оконьчаи,оконьчати,2344861,149740,220228,V-,2spma----i
г҃і,господь,2344862,58858,220228,Nb,-s---mv--i
і,и,2344863,58771,220199,C-,---------n
твоѭ,твои,2344864,58814,220199,Ps,2s---fa--i
мил҃сть,милость,2344865,67655,220199,Nb,-s---fa--i
въ,въ,2344866,58774,220199,R-,---------n
мнѣ,азъ,2344867,58807,220199,Pp,1s---ml--i
грѣшънѣ,грѣшьнъ,2344868,65090,220199,A-,-s---mlpsi
рабѣ,рабъ,2344869,59499,220199,Nb,-s---ml--i
твоимь,твои,2344870,58814,220199,Ps,2s---ml--i
ави,авити,2344871,65102,220199,V-,2spma----i
і,и,2344872,58771,220201,C-,---------n
избави,избавити,2344873,66370,220201,V-,2spma----i
мѧ,азъ,2344874,58807,220201,Pp,1s---ma--i
г҃і,господь,2344875,58858,220201,Nb,-s---mv--i
отъ,отъ,2344876,58785,220201,R-,---------n
всего,вьсь,2344877,58821,220201,Px,-s---ng--i
зъла,зълъ,2344878,66277,220201,A-,-s---ngpsi
нꙑнѣ,нꙑнѣ,2344879,64687,220201,Df,---------n
и,и,2344880,58771,220201,C-,---------n
присно,присно,2344881,65737,220201,Df,-------p-i
и,и,2344882,58771,220201,C-,---------n
вь,въ,2344883,58774,220201,R-,---------n
вѣкꙑ,вѣкъ,2344884,59093,220201,Nb,-p---ma--i
вѣком,вѣкъ,2344885,59093,220201,Nb,-p---md--i
